model,date,ret_close,ret_open,hit5,mkt
A 급등확률(+5%),2025-09-23,-0.09509454751944332,-0.02266524847592133,0.0,-0.006252727102597201
A 급등확률(+5%),2025-09-24,-0.03692985564814497,-0.002397789017996475,0.0,-0.0036360801051098786
A 급등확률(+5%),2025-09-25,-0.036705677682463154,-0.014909765344292534,0.0,-0.016858713778334516
A 급등확률(+5%),2025-09-26,0.007694340115621003,-0.009890645086278814,0.0,0.008802885681291226
A 급등확률(+5%),2025-09-29,0.0023146824500008614,6.791170643334534e-05,0.2,-0.005053533343822893
A 급등확률(+5%),2025-09-30,-0.0257238415857828,-0.002251238181920388,0.0,0.001580783632815098
A 급등확률(+5%),2025-10-01,0.09702743205656834,0.005910088552726768,0.4,0.008284814376331048
A 급등확률(+5%),2025-10-02,-0.05409954165589888,-0.0015702349691950374,0.0,-0.0007703542292677141
A 급등확률(+5%),2025-10-10,0.0038916981771127254,-0.014709086968413752,0.2,-0.0018937989273522745
A 급등확률(+5%),2025-10-13,0.019792680634601066,0.02005348555952837,0.2,-0.007250577140105357
A 급등확률(+5%),2025-10-14,-0.02723479103826549,-0.010059251932157951,0.0,0.017062616444354854
A 급등확률(+5%),2025-10-15,-0.03230164177075099,0.004405023209168759,0.0,-0.0003019172137646225
A 급등확률(+5%),2025-10-16,0.013253196361898725,0.03404571003983459,0.2,-0.012114911808029045
A 급등확률(+5%),2025-10-17,0.1109467227251365,0.036677359704603285,0.6,0.009262838773590172
A 급등확률(+5%),2025-10-20,-0.020748160036519088,0.015295021763797401,0.0,-0.0012682869025218747
A 급등확률(+5%),2025-10-21,0.04584564036050689,-0.0065124281131645236,0.6,0.006905344236150564
A 급등확률(+5%),2025-10-22,-0.0053747932059061455,-0.0008093797527987539,0.0,-0.004941012325172388
A 급등확률(+5%),2025-10-23,-0.019007829718928067,0.00641091636730722,0.0,0.004289314074105059
A 급등확률(+5%),2025-10-24,0.010424517479750975,0.0373713573392636,0.2,0.007128348581603042
A 급등확률(+5%),2025-10-27,0.04319821675390469,0.005186671054010607,0.6,1.8151764101359103e-05
A 급등확률(+5%),2025-10-28,-0.006828188852977755,-0.005173140739433533,0.0,-0.0031640377665198526
A 급등확률(+5%),2025-10-29,-0.08179115089877073,-0.02417346923484176,0.0,-0.01424713789513162
A 급등확률(+5%),2025-10-30,-0.034550107796131546,-0.004571922749609312,0.0,0.0013033138296274396
A 급등확률(+5%),2025-10-31,-0.0010031456484320227,0.018665343842406125,0.2,-0.0026758230249281523
A 급등확률(+5%),2025-11-03,0.0016589875804990288,-0.017681206787953284,0.0,0.0006045783586035873
A 급등확률(+5%),2025-11-04,0.03665172165598467,-0.026191070009856855,0.2,-0.015520584719916585
A 급등확률(+5%),2025-11-05,-0.0305423472081263,0.03166628553411797,0.2,0.004973731233142442
A 급등확률(+5%),2025-11-06,-0.023340871911419668,-0.0345631136026779,0.4,-0.015354967154933166
A 급등확률(+5%),2025-11-07,0.01859802836321711,0.028751020721995917,0.2,0.019697613655814617
A 급등확률(+5%),2025-11-10,0.008818101647678557,0.011159696143680621,0.2,-0.00397707681789068
A 급등확률(+5%),2025-11-11,0.07816791714277889,0.011739788950725829,0.4,0.017606587693800132
A 급등확률(+5%),2025-11-12,-0.033179596608775654,0.008956359628266821,0.2,0.003967632485517005
A 급등확률(+5%),2025-11-13,-0.053820671677286366,-0.022587855097391182,0.0,-0.016047931288087854
A 급등확률(+5%),2025-11-14,0.013528601321047674,0.001633308408034175,0.2,-0.0007401167480868981
A 급등확률(+5%),2025-11-17,-0.07605178407117463,-0.008165614561050603,0.0,-0.023129159003276327
A 급등확률(+5%),2025-11-18,-0.029508017231990986,-0.019716671744393933,0.4,-0.0017853597364144763
A 급등확률(+5%),2025-11-19,0.016806838961627005,0.007564909649738195,0.0,0.016345983629791224
A 급등확률(+5%),2025-11-20,-0.03246332514171561,-0.02685432247962529,0.0,-0.019824802165978945
A 급등확률(+5%),2025-11-21,0.01033194236080819,0.016296034224279367,0.0,-0.0049997316223542665
A 급등확률(+5%),2025-11-24,0.010234319462135757,0.0016788063825356153,0.0,-0.000522903954275292
A 급등확률(+5%),2025-11-25,-0.0060915428431269165,0.014924210918425265,0.2,0.01611877738553089
A 급등확률(+5%),2025-11-26,0.09958294317176222,-0.017984038739062132,0.6,0.0022187873277557855
A 급등확률(+5%),2025-11-27,0.010802624952505281,0.007740662677303068,0.0,0.017472467974002936
A 급등확률(+5%),2025-11-28,0.042197853747337935,0.01802974471065233,0.4,0.0026332943664510848
A 급등확률(+5%),2025-12-01,0.047099645996835894,-0.00912700598013718,0.6,0.008912689851540808
A 급등확률(+5%),2025-12-02,0.042241910016428075,0.02975928896869018,0.6,0.009148843277657085
A 급등확률(+5%),2025-12-03,0.022679810926756576,0.022335540276807356,0.4,-0.004139209763353787
A 급등확률(+5%),2025-12-04,0.0072613287998275055,0.01597332059888095,0.2,0.005411893391427193
A 급등확률(+5%),2025-12-05,-0.026169590956835374,0.006039452280898484,0.2,-0.0007447062950423365
A 급등확률(+5%),2025-12-08,0.04761431966575689,0.014845116225725133,0.4,0.0006129231603835658
A 급등확률(+5%),2025-12-09,-0.018219609117878434,-0.00668252424850617,0.2,-0.0012763537993222265
A 급등확률(+5%),2025-12-10,0.05149684784971682,0.006960694899614707,0.4,0.007293687222336325
A 급등확률(+5%),2025-12-11,-0.00908682965812315,0.009195581064699311,0.2,0.00778571465375253
A 급등확률(+5%),2025-12-12,0.023238789838148553,-0.020510467320544554,0.2,-0.0009569545641712257
A 급등확률(+5%),2025-12-15,-0.08191485705837982,-0.010724714162868574,0.0,-0.014568212035567423
A 급등확률(+5%),2025-12-16,0.00900114605351934,0.006197639245234223,0.0,0.002273339978855565
A 급등확률(+5%),2025-12-17,-0.03489550898286546,-0.024570541138365272,0.0,-0.008117156333645143
A 급등확률(+5%),2025-12-18,0.015327323344251244,0.007617967554331152,0.2,0.009089043028248905
A 급등확률(+5%),2025-12-19,-0.09024529681286098,-0.04464322772400706,0.0,0.010442822715450743
A 급등확률(+5%),2025-12-22,0.0724051325714697,-0.008156366623915388,0.6,-0.010651140201431576
A 급등확률(+5%),2025-12-23,0.03378897703474319,-0.014309259272367723,0.2,-0.002138594713944797
A 급등확률(+5%),2025-12-24,0.048372624122349994,0.02874031827757302,0.4,-0.0021580343436831398
A 급등확률(+5%),2025-12-26,-0.029849210303990438,-0.021951613761848975,0.0,0.002436036826949092
A 급등확률(+5%),2025-12-29,-0.013233383084177494,-0.005145425041034744,0.0,-0.002666993088997138
A 급등확률(+5%),2025-12-30,0.04362231653697442,0.014503376665138125,0.6,0.012888063886838849
A 급등확률(+5%),2026-01-02,0.006030073494136824,0.002268656117098768,0.0,0.00521121590443454
A 급등확률(+5%),2026-01-05,-0.018140678427533308,0.03956759076493521,0.2,-0.002312397576519492
A 급등확률(+5%),2026-01-06,0.023457088303135976,0.004359316302000595,0.4,-0.009692672852539708
A 급등확률(+5%),2026-01-07,-0.028743382447694872,0.00034388305234602954,0.2,-0.011856017289048691
A 급등확률(+5%),2026-01-08,0.003078630024851871,-0.00698800492165159,0.4,0.006852388642701354
A 급등확률(+5%),2026-01-09,-0.019958462745804484,-0.0034400655941167796,0.2,0.007682894811189679
A 급등확률(+5%),2026-01-12,0.059354168097347795,0.08482463184546933,0.4,0.0020583952588151583
A 급등확률(+5%),2026-01-13,-0.006719005649551677,0.0029389173006070706,0.0,0.0011510453699976888
A 급등확률(+5%),2026-01-14,-0.01929981467840538,0.02000667609638187,0.0,0.005803622333049741
A 급등확률(+5%),2026-01-15,0.009187222840095124,-0.019095097516582824,0.4,-0.0019465062566005444
A 급등확률(+5%),2026-01-16,-0.08637831979426017,-0.0015534800022784605,0.0,0.007795040695926287
A 급등확률(+5%),2026-01-19,0.0027523847780202906,0.01809715444852935,0.2,0.012191009246429723
A 급등확률(+5%),2026-01-20,-0.030558607242318715,-0.03307570203515548,0.2,-0.010083756311329151
A 급등확률(+5%),2026-01-21,-0.03456775035063635,0.03035163952758655,0.0,0.0093261631470699
A 급등확률(+5%),2026-01-22,-0.0877637812820556,-0.015619602875692482,0.0,0.013321615386327968
A 급등확률(+5%),2026-01-23,-0.07533822891300976,-0.07230828201291802,0.0,0.01716252165393167
A 급등확률(+5%),2026-01-26,0.06319561616257022,0.00815540012691436,0.2,0.005588143001502318
A 급등확률(+5%),2026-01-27,0.03010523447020976,0.017816268264944583,0.4,0.01033167111891521
A 급등확률(+5%),2026-01-28,0.04769516002304597,0.019067123814678587,0.4,0.011375606063629855
A 급등확률(+5%),2026-01-29,0.10093746368080003,0.06171217753968668,0.4,-0.006539402331521364
A 급등확률(+5%),2026-01-30,-0.0471037806108426,-0.009436549462073594,0.0,-0.02404742692871909
A 급등확률(+5%),2026-02-02,0.04876985283080555,0.04703284854561525,0.4,0.028496302481451852
A 급등확률(+5%),2026-02-03,0.040339285016681534,0.061371469525396155,0.2,0.013912127499581805
A 급등확률(+5%),2026-02-04,-0.07359792816388633,-0.01812984488999394,0.0,-0.013782295722088974
A 급등확률(+5%),2026-02-05,-0.05631665879328076,0.07189730292363672,0.2,-0.011694460439660458
A 급등확률(+5%),2026-02-06,0.008228888708315731,0.0016367824906331281,0.6,0.023987251223402374
A 급등확률(+5%),2026-02-09,0.020667321243290293,0.040109994519194815,0.4,0.007976846491269304
A 급등확률(+5%),2026-02-10,-0.07928866437777546,-0.018360702115496827,0.2,0.00359333797289531
A 급등확률(+5%),2026-02-11,0.04427858805602247,-0.007191523139573407,0.4,0.006921239118416125
A 급등확률(+5%),2026-02-12,-0.09301669281762119,-0.017692951815694455,0.2,-0.011204442548796417
A 급등확률(+5%),2026-02-13,-0.06680854431948877,-0.01991828639759341,0.0,0.016971612679750992
A 급등확률(+5%),2026-02-19,-0.0229904456345311,-0.001577101139601143,0.0,0.001987813448514803
A 급등확률(+5%),2026-02-20,0.10484187858604192,0.02128392542180222,0.4,0.0077092901298403925
A 급등확률(+5%),2026-02-23,0.01608442148371536,-0.0023887485861518324,0.2,0.007053189406763202
A 급등확률(+5%),2026-02-24,-0.004796849233191989,0.008586754975709134,0.2,0.0017298403220100545
A 급등확률(+5%),2026-02-25,-0.044342620525946154,0.010121944269568984,0.0,-0.00943296350150812
A 급등확률(+5%),2026-02-26,0.01606658834751027,-0.027773041372536396,0.4,-0.008013933965764691
A 급등확률(+5%),2026-02-27,-0.04952065208688883,-0.01639834046227504,0.0,-0.03596802968408198
A 급등확률(+5%),2026-03-03,-0.10230285715776136,-0.01546856803748775,0.0,-0.10464300801656874
A 급등확률(+5%),2026-03-04,0.11154899789204142,0.030621937526773516,1.0,0.08239836029546035
A 급등확률(+5%),2026-03-05,0.08187741621979597,0.0031853881772017107,0.4,0.01594315956975061
A 급등확률(+5%),2026-03-06,-0.06315617666466375,0.023876832065023938,0.0,-0.04012733759971603
A 급등확률(+5%),2026-03-09,0.09044576719576718,0.04757042606516295,0.4,0.028924277561923725
A 급등확률(+5%),2026-03-10,0.08492885603207437,0.024346203718557204,0.4,0.016676546647630245
A 급등확률(+5%),2026-03-11,0.0012271612009882712,-0.009835570192387186,0.2,0.009845866881188995
A 급등확률(+5%),2026-03-12,-0.009757292442886721,-0.019337703715337426,0.0,0.0028258749569189633
A 급등확률(+5%),2026-03-13,-0.03519863395971636,-0.005886125063016643,0.2,-0.006457369871616358
A 급등확률(+5%),2026-03-16,0.05813683953655609,-0.007121815393889495,0.4,0.006118461810000766
A 급등확률(+5%),2026-03-17,0.035422213603814125,0.012678040554213378,0.6,0.011118683250705811
A 급등확률(+5%),2026-03-18,-0.02661818759895731,-0.031415645333886896,0.2,-0.010198933454685234
A 급등확률(+5%),2026-03-19,0.027533390398995848,0.0024374372883481784,0.4,0.01927552494531475
A 급등확률(+5%),2026-03-20,-0.009849936166941917,0.012575853367451708,0.0,-0.03666627905008643
A 급등확률(+5%),2026-03-23,-0.05998626551943602,-0.05224591079826084,0.0,0.015245341765609622
A 급등확률(+5%),2026-03-24,0.16184845374071424,0.03141278300317825,1.0,0.02197130913637473
A 급등확률(+5%),2026-03-25,-0.06658705729957375,0.0032353370387719254,0.0,-0.014021170329409147
A 급등확률(+5%),2026-03-26,0.08702163205918201,-0.018892639958002007,0.4,0.003698981480592674
A 급등확률(+5%),2026-03-27,-0.03087949075881486,-0.026217835072590324,0.0,-0.01705941041807275
A 급등확률(+5%),2026-03-30,-0.03594278708167011,-0.014092741532853312,0.2,-0.02409352199195526
A 급등확률(+5%),2026-03-31,0.06625409942806879,0.0459739254410747,0.8,0.04226281568650958
A 급등확률(+5%),2026-04-01,-0.07693684638831064,0.01759021741003617,0.0,-0.035082568953816326
A 급등확률(+5%),2026-04-02,0.005033104154614889,0.018926121784571225,0.0,0.013862106937985392
A 급등확률(+5%),2026-04-03,0.0534678720519044,0.02432644139329381,0.4,-0.005428605541528376
A 급등확률(+5%),2026-04-06,-0.014079176195878328,0.0056332256536840725,0.2,-0.007406231186924282
A 급등확률(+5%),2026-04-07,0.004170181042559597,0.013357283938919285,0.2,0.03407843133813905
A 급등확률(+5%),2026-04-08,0.04887788172187122,0.04679550019843912,0.4,-0.004668265781289443
A 급등확률(+5%),2026-04-09,0.028392547932207406,0.035451264916895785,0.4,0.02138694637235902
A 급등확률(+5%),2026-04-10,0.03700870335572563,-0.011685204663875947,0.4,0.0054023976071060804
A 급등확률(+5%),2026-04-13,0.043567032305243725,0.05201643222781434,0.2,0.018828320249888127
A 급등확률(+5%),2026-04-14,0.046308741113034645,0.011360269639929511,0.2,0.014653569407904157
A 급등확률(+5%),2026-04-15,-0.07887276471361701,0.01344807772605552,0.0,0.013315431992581745
A 급등확률(+5%),2026-04-16,0.048213456045784864,0.013366919013125656,0.2,0.006387173149283024
A 급등확률(+5%),2026-04-17,0.1253705944635127,0.0936495973779562,0.6,0.0019504173551320243
A 급등확률(+5%),2026-04-20,-0.04093985265933007,-0.0023679244230861967,0.2,0.0007284017659212403
A 급등확률(+5%),2026-04-21,-0.11052821364280754,-0.024275026829422043,0.0,0.0034294937406400008
A 급등확률(+5%),2026-04-22,-0.10045369768043273,-0.017292901665693392,0.0,-0.0044523662432706754
A 급등확률(+5%),2026-04-23,0.06558061832371534,0.015003548256925273,0.8,0.014604152042506069
A 급등확률(+5%),2026-04-24,0.06331698683534034,0.006462407079042578,0.4,0.010330856222138286
A 급등확률(+5%),2026-04-27,0.035816221131565976,0.02453703155348643,0.4,-0.0015671520359744218
A 급등확률(+5%),2026-04-28,-0.017481092068272197,-0.031228718143012132,0.0,0.005762412713831782
A 급등확률(+5%),2026-04-29,-0.042957724358362336,-0.008075057281922569,0.2,-0.010104630631864875
A 급등확률(+5%),2026-04-30,0.07448566899678374,0.053104629350026265,0.6,0.006614612431200443
A 급등확률(+5%),2026-05-04,-0.04559697338491715,-0.006292731812982953,0.0,-0.010322708103875368
A 급등확률(+5%),2026-05-06,-0.06708071782246902,0.00796470618138039,0.0,-0.00830496863288065
A 급등확률(+5%),2026-05-07,-0.0588274125263329,-0.017486789543557597,0.0,0.0026197802557723034
A 급등확률(+5%),2026-05-08,-0.06583242125335143,-0.0013196526319950923,0.0,-0.012162217583858732
A 급등확률(+5%),2026-05-11,0.023616378191629032,0.00279646093045083,0.2,-0.01920275939708321
A 급등확률(+5%),2026-05-12,-0.002524944315403797,0.004113334264541326,0.0,-0.000805286189809613
A 급등확률(+5%),2026-05-13,0.005563746890575684,0.00651471147322258,0.0,0.008417189372093938
A 급등확률(+5%),2026-05-14,-0.07817155916429289,-0.010708086644169754,0.0,-0.029883010012333417
A 급등확률(+5%),2026-05-15,-0.038702300946104454,-0.028888340670513976,0.0,-0.014895905251398764
A 급등확률(+5%),2026-05-18,-0.03189405642152127,-0.013846549080165959,0.0,-0.014965300405597235
A 급등확률(+5%),2026-05-19,0.024290477980795824,-0.00973175990483146,0.2,-0.02361581816943006
A 급등확률(+5%),2026-05-20,0.05878237040285968,0.021399168702612492,0.2,0.02096484600076034
A 급등확률(+5%),2026-05-21,0.037273922853339594,0.002854839263410837,0.4,0.030975093769322334
A 급등확률(+5%),2026-05-22,-0.000700213433012829,0.023796586681205725,0.2,-0.004716487208313951
A 급등확률(+5%),2026-05-26,-0.05451785625570334,0.016777769114781287,0.0,-0.03251050089770355
A 급등확률(+5%),2026-05-27,-0.04820188665187593,-0.015410569105691028,0.0,-0.016762652677006946
A 급등확률(+5%),2026-05-28,-0.09386963253691347,-0.01568557726438271,0.0,-0.021833617546767242
A 급등확률(+5%),2026-05-29,-0.05417487932107801,-0.015454694552260383,0.0,-0.029509793572078575
A 급등확률(+5%),2026-06-01,-0.05356805827305129,-0.017566778463909083,0.0,-0.015114430800020761
A 급등확률(+5%),2026-06-02,0.05240690973770064,0.02009261087837351,0.6,0.0031906582764590742
A 급등확률(+5%),2026-06-04,-0.016503890804914212,-0.01565974173260478,0.0,-0.019262165206061083
A 급등확률(+5%),2026-06-05,-0.08501292524515036,-0.07389885318774689,0.0,-0.05849992291446675
A 급등확률(+5%),2026-06-08,0.00011675098793842041,-0.012167283125496173,0.0,0.03599414606553469
A 급등확률(+5%),2026-06-09,-0.03776285052968167,-0.013374795580594909,0.0,-0.009522275260998357
A 급등확률(+5%),2026-06-10,0.05739164430895423,-0.028033160525590017,0.6,0.018022730263406447
A 급등확률(+5%),2026-06-11,0.04454971560443741,0.04051875225511017,0.4,0.025346898493355297
A 급등확률(+5%),2026-06-12,0.0002615847655918395,0.036807922308708975,0.0,0.011087946516131804
A 급등확률(+5%),2026-06-15,-0.006766170227537581,-0.0051456548892527135,0.2,0.0012298867444258236
A 급등확률(+5%),2026-06-16,-0.00803354428000249,-0.014656713639768547,0.2,0.004534957721614808
A 급등확률(+5%),2026-06-17,-0.07266607658954596,-0.019371420679326824,0.2,-0.024665286114912276
A 급등확률(+5%),2026-06-18,-0.07113514858667724,-0.0254056341222179,0.0,-0.028763625245219724
A 급등확률(+5%),2026-06-19,-0.04782378790085562,-0.020854600988835133,0.0,-0.017618708566267675
A 급등확률(+5%),2026-06-22,-0.11750217982582026,-0.019814725638506038,0.0,-0.05206498089526969
A 급등확률(+5%),2026-06-23,0.025348142067629545,-0.006834578083541508,0.4,0.0061269791777162335
A 급등확률(+5%),2026-06-24,-0.07765802401838928,-0.0043444525171932626,0.2,-0.017240185888201864
A 급등확률(+5%),2026-06-25,0.013915044655828069,-0.0024197727472652125,0.2,-0.03292586680749044
A 급등확률(+5%),2026-06-26,0.13956110282917694,-0.018039283482448605,1.0,0.06400172537393169
A 급등확률(+5%),2026-06-29,0.09170425584781668,-0.011598442264594564,0.6,-0.005358953284990833
A 급등확률(+5%),2026-06-30,0.055317361109487394,-0.0004975977749156683,0.2,0.02033367603613547
A 급등확률(+5%),2026-07-01,-0.05067182069331031,-0.012093997490836237,0.0,-0.02795732925207157
A 급등확률(+5%),2026-07-02,0.018583675020811576,-0.005603774201935228,0.2,0.01049972491330367
A 급등확률(+5%),2026-07-03,0.07910494994399682,0.012442068020346598,0.8,-0.000937919491281282
A 급등확률(+5%),2026-07-06,-0.05194286538704666,0.004758179071473891,0.2,-0.012375791554951773
A 급등확률(+5%),2026-07-07,-0.07372932391921558,-0.03504639979653719,0.0,-0.02919733867800062
A 급등확률(+5%),2026-07-08,0.042418408706457036,0.006341656452636136,0.4,-0.0029472459326213155
A 급등확률(+5%),2026-07-09,0.0601104289853734,0.014092603621598433,0.6,0.03984489588023255
A 급등확률(+5%),2026-07-10,-0.09307874015636497,-0.014620385866864958,0.0,-0.031201435186274284
A 급등확률(+5%),2026-07-13,-8.665573780201993e-05,-0.017362533203319375,0.0,-0.013059121698433127
A 급등확률(+5%),2026-07-14,0.0666099700322734,0.01226040963524906,0.6,0.03399544741141964
A 급등확률(+5%),2026-07-15,-0.09394968675193041,-0.023699610391424188,0.0,-0.012800638612849035
A 급등확률(+5%),2026-07-16,-0.03306000482630036,-0.03702407574959712,0.0,-0.03315342329125937
A 급등확률(+5%),2026-07-20,-0.03913156368689517,-0.06860370695981528,0.2,0.005469198461493379
A 급등확률(+5%),2026-07-21,0.023131454103330416,0.0041046559152414525,0.2,0.003009151478759259
A 급등확률(+5%),2026-07-22,-0.08674619825722371,-0.0017158177030257775,0.0,0.03453916623605978
A 급등확률(+5%),2026-07-23,-0.040142936297881106,0.024587427432649835,0.0,-0.02010886807842323
A 급등확률(+5%),2026-07-24,0.012711992108947336,0.013682876618479648,0.2,0.005294325333189496
A 급등확률(+5%),2026-07-27,-0.08124913787956231,-0.03533470543817348,0.0,-0.04783581112632247
A 급등확률(+5%),2026-07-28,-0.11539323399280436,0.007965952534679223,0.0,-0.0484234635806065
A 급등확률(+5%),2026-07-29,-0.04923504853581932,-0.04199975071852276,0.0,-0.000751411558804363
A 급등확률(+5%),2026-07-30,0.14843672418015585,0.06132016784001322,1.0,0.06322844565118081
A 급등확률(+5%),2026-07-31,-0.018308744198619095,-0.017372412890409847,0.0,0.012035879854206373
A 급등확률(+5%),2026-08-03,0.051057162561976364,0.016958342858124566,0.4,0.03666091806808342
A 급등확률(+5%),2026-08-04,0.07103036956549587,0.008566224751257458,0.4,0.02188087927723211
A 급등확률(+5%),2026-08-05,-0.037325581602109525,-0.0006952159702141563,0.2,0.0010782543195977951
A 급등확률(+5%),2026-08-06,0.00014055464604234742,0.00607873865991764,0.2,0.0026556227313617514
A 급등확률(+5%),2026-08-07,-0.016678241126558177,0.020840423078755423,0.0,0.030761346757757244
A 급등확률(+5%),2026-08-10,0.06543371023595881,0.0273419162768729,0.4,0.010317286938520201
A 급등확률(+5%),2026-08-11,0.021382247227374696,0.008372232177852636,0.2,0.002862572501223648
A 급등확률(+5%),2026-08-12,0.01520275903745212,-0.00041897233201581945,0.4,-0.0024088648267553345
A 급등확률(+5%),2026-08-13,0.011999017898473687,-0.004101293075085509,0.2,0.00794886664720665
A 급등확률(+5%),2026-08-14,-0.055807484528963405,-0.006756301952944564,0.0,-0.020904235400924905
A 급등확률(+5%),2026-08-18,-0.024004601605624627,-0.021313157695510655,0.0,-0.014809237523857315
A 급등확률(+5%),2026-08-19,0.007127563612159939,-0.013162684646829835,0.0,0.009598951089888662
A 급등확률(+5%),2026-08-20,-0.012471526349802817,-0.023219483478320764,0.2,-0.023096892096517347
A 급등확률(+5%),2026-08-21,-0.0009170424460098509,-0.0028362372794320284,0.0,0.006929950405012065
A 급등확률(+5%),2026-08-24,-0.031055568191207562,-0.024239375357420934,0.0,0.014096873409892706
A 급등확률(+5%),2026-08-25,-0.0007673419728639423,-0.007497407393641174,0.2,0.006749281301429615
A 급등확률(+5%),2026-08-26,-0.003535608613250683,-0.008583267445887553,0.2,0.0029536984139328535
A 급등확률(+5%),2026-08-27,0.08358177773517225,0.019202886833407054,0.8,0.007706284692566565
A 급등확률(+5%),2026-08-28,-0.01277669186667105,-0.00024333665498490293,0.2,-0.0006009351556345746
A 급등확률(+5%),2026-08-31,0.041054400328528605,0.018088862074934188,0.4,-0.0003478407511406818
A 급등확률(+5%),2026-09-01,-0.06810898971917705,-0.00893064802404908,0.0,-0.015718314960223412
A 급등확률(+5%),2026-09-02,-0.016398205477041204,-0.0023267149216691136,0.0,-0.004915802406736418
A 급등확률(+5%),2026-09-03,-0.038070311391819156,0.0021141974135066265,0.0,0.011999833795368647
A 급등확률(+5%),2026-09-04,0.0030758297404689175,-0.010168457249729344,0.0,0.004300609310247147
A 급등확률(+5%),2026-09-07,0.007865775947242162,-0.007599820007264245,0.4,-0.006102842992780181
A 급등확률(+5%),2026-09-08,-0.023002728364371873,-0.009349701273893205,0.0,0.007828174763127114
A 급등확률(+5%),2026-09-09,-0.03113878224488304,0.010366952242053397,0.2,0.002461369731246621
A 급등확률(+5%),2026-09-10,-0.03947276845961054,-0.030577355574095223,0.0,-0.0019819699852755466
A 급등확률(+5%),2026-09-11,-0.08356999259578768,-0.040775990338993574,0.0,-0.004670009701764257
A 급등확률(+5%),2026-09-14,0.09720207617061924,0.036607925480714745,0.6,0.003976948669543348
A 급등확률(+5%),2026-09-15,-0.04759808659103983,0.0009213977638954612,0.4,-0.002713700992198259
A 급등확률(+5%),2026-09-16,-0.04928196982808415,-0.0042180976215891765,0.2,0.008891865281096454
A 급등확률(+5%),2026-09-17,-0.020054263744264555,-0.023677161493348663,0.2,0.0025162803120201568
B 기대수익 회귀(종가),2025-09-23,-0.04788274631737814,-0.032015238346724685,0.0,-0.006252727102597201
B 기대수익 회귀(종가),2025-09-24,-0.027698263713188266,-0.0004876534371118552,0.0,-0.0036360801051098786
B 기대수익 회귀(종가),2025-09-25,-0.011021896751891866,0.013883501883028072,0.0,-0.016858713778334516
B 기대수익 회귀(종가),2025-09-26,0.01545453152929901,-0.01731089406148043,0.2,0.008802885681291226
B 기대수익 회귀(종가),2025-09-29,0.0022387145271833405,-0.0003363967485689773,0.2,-0.005053533343822893
B 기대수익 회귀(종가),2025-09-30,0.005990140164047177,0.016009613957675688,0.4,0.001580783632815098
B 기대수익 회귀(종가),2025-10-01,0.014792831136208042,0.015043806721862877,0.0,0.008284814376331048
B 기대수익 회귀(종가),2025-10-02,-0.0010650633215116595,0.012285209855389702,0.0,-0.0007703542292677141
B 기대수익 회귀(종가),2025-10-10,0.003560337663126069,-0.007409023830076421,0.2,-0.0018937989273522745
B 기대수익 회귀(종가),2025-10-13,-0.0230481224463994,0.00030424395786827953,0.2,-0.007250577140105357
B 기대수익 회귀(종가),2025-10-14,0.025501845147810447,0.006015323787748297,0.0,0.017062616444354854
B 기대수익 회귀(종가),2025-10-15,-0.006083589574073132,0.0017806255216771946,0.0,-0.0003019172137646225
B 기대수익 회귀(종가),2025-10-16,-0.032752066954245505,-0.00601178010471206,0.0,-0.012114911808029045
B 기대수익 회귀(종가),2025-10-17,0.005177942431565887,0.01659728413991659,0.0,0.009262838773590172
B 기대수익 회귀(종가),2025-10-20,0.0007212500889163713,-0.004002107242512175,0.0,-0.0012682869025218747
B 기대수익 회귀(종가),2025-10-21,0.03328985034842065,-0.0063495770579680795,0.4,0.006905344236150564
B 기대수익 회귀(종가),2025-10-22,0.0044189804704150475,0.0012249001146138047,0.2,-0.004941012325172388
B 기대수익 회귀(종가),2025-10-23,-0.014196840500495632,0.006859407460416625,0.0,0.004289314074105059
B 기대수익 회귀(종가),2025-10-24,-0.00826073163018155,-0.004390514225444673,0.0,0.007128348581603042
B 기대수익 회귀(종가),2025-10-27,-0.034127634749626615,-0.0016135096087500837,0.0,1.8151764101359103e-05
B 기대수익 회귀(종가),2025-10-28,-0.006512301138574326,-0.0014115783152363931,0.0,-0.0031640377665198526
B 기대수익 회귀(종가),2025-10-29,-0.00923163781694307,0.0019083320550142184,0.2,-0.01424713789513162
B 기대수익 회귀(종가),2025-10-30,-0.02041146085215266,-0.0017007603453394787,0.0,0.0013033138296274396
B 기대수익 회귀(종가),2025-10-31,-0.013753140366330484,0.0033584741107854496,0.2,-0.0026758230249281523
B 기대수익 회귀(종가),2025-11-03,0.0043638670231145775,0.005442274146253247,0.0,0.0006045783586035873
B 기대수익 회귀(종가),2025-11-04,-0.03169855928715652,-0.009957247481652741,0.0,-0.015520584719916585
B 기대수익 회귀(종가),2025-11-05,-0.006079416338583619,0.003683139943662185,0.2,0.004973731233142442
B 기대수익 회귀(종가),2025-11-06,-0.021225138012086253,-0.009117954451267216,0.0,-0.015354967154933166
B 기대수익 회귀(종가),2025-11-07,0.009488946034537383,0.0073455421413591414,0.2,0.019697613655814617
B 기대수익 회귀(종가),2025-11-10,-0.02402481053210108,0.0005148483064904693,0.0,-0.00397707681789068
B 기대수익 회귀(종가),2025-11-11,-0.016935003674824298,-0.025817621485691444,0.0,0.017606587693800132
B 기대수익 회귀(종가),2025-11-12,0.007909758837411676,-0.0034741426011584793,0.0,0.003967632485517005
B 기대수익 회귀(종가),2025-11-13,-0.026020307519896792,0.00732614066168067,0.0,-0.016047931288087854
B 기대수익 회귀(종가),2025-11-14,0.01908529619635746,0.004523410930712914,0.2,-0.0007401167480868981
B 기대수익 회귀(종가),2025-11-17,-0.0020878169595329047,0.000459670833351679,0.0,-0.023129159003276327
B 기대수익 회귀(종가),2025-11-18,-0.0003472536422283606,0.004373770678065727,0.0,-0.0017853597364144763
B 기대수익 회귀(종가),2025-11-19,0.020036922622809983,0.00732847506740222,0.2,0.016345983629791224
B 기대수익 회귀(종가),2025-11-20,-0.038546499358505584,-0.029824862460897196,0.0,-0.019824802165978945
B 기대수익 회귀(종가),2025-11-21,0.00451411357145062,0.003490888365514701,0.2,-0.0049997316223542665
B 기대수익 회귀(종가),2025-11-24,0.02019797712725531,0.0024795909315648915,0.2,-0.000522903954275292
B 기대수익 회귀(종가),2025-11-25,0.0343599988684546,0.0034844698195700477,0.4,0.01611877738553089
B 기대수익 회귀(종가),2025-11-26,0.025337158195025487,-0.0016743016183223141,0.4,0.0022187873277557855
B 기대수익 회귀(종가),2025-11-27,0.01809750422210301,0.010582432440250368,0.2,0.017472467974002936
B 기대수익 회귀(종가),2025-11-28,0.009635749792609928,0.0026277282074945304,0.0,0.0026332943664510848
B 기대수익 회귀(종가),2025-12-01,0.02420618655610416,0.01514335792265691,0.2,0.008912689851540808
B 기대수익 회귀(종가),2025-12-02,0.028584788247612285,-0.0013592020780277974,0.2,0.009148843277657085
B 기대수익 회귀(종가),2025-12-03,-0.012534540445017449,0.005945638180112402,0.2,-0.004139209763353787
B 기대수익 회귀(종가),2025-12-04,0.07409346534640082,0.006527985084291511,0.4,0.005411893391427193
B 기대수익 회귀(종가),2025-12-05,0.04975327331188406,0.003220691259167065,0.4,-0.0007447062950423365
B 기대수익 회귀(종가),2025-12-08,-0.008759252208617351,0.0009681373023946466,0.0,0.0006129231603835658
B 기대수익 회귀(종가),2025-12-09,-0.024745237430019724,-0.007006797417934772,0.0,-0.0012763537993222265
B 기대수익 회귀(종가),2025-12-10,0.06481957035064043,0.014963354195465973,0.6,0.007293687222336325
B 기대수익 회귀(종가),2025-12-11,0.03108514477362463,0.010382328356335969,0.2,0.00778571465375253
B 기대수익 회귀(종가),2025-12-12,-0.002439106673417444,-0.006446844816472217,0.2,-0.0009569545641712257
B 기대수익 회귀(종가),2025-12-15,-0.00011964227227225606,-0.007674457697479629,0.2,-0.014568212035567423
B 기대수익 회귀(종가),2025-12-16,0.010235437529168447,0.004517431869566592,0.0,0.002273339978855565
B 기대수익 회귀(종가),2025-12-17,-0.016608249992807696,-0.008923743923752168,0.0,-0.008117156333645143
B 기대수익 회귀(종가),2025-12-18,0.024587001654897314,0.0061114557528571655,0.2,0.009089043028248905
B 기대수익 회귀(종가),2025-12-19,0.005162045390357563,0.011241995987864375,0.0,0.010442822715450743
B 기대수익 회귀(종가),2025-12-22,0.037693190714444526,0.01720461981010204,0.4,-0.010651140201431576
B 기대수익 회귀(종가),2025-12-23,0.0009212894670451296,0.006136858937463831,0.0,-0.002138594713944797
B 기대수익 회귀(종가),2025-12-24,-0.01432275617349834,-0.003010430274651064,0.0,-0.0021580343436831398
B 기대수익 회귀(종가),2025-12-26,0.016019475941360176,-0.00897674770308887,0.2,0.002436036826949092
B 기대수익 회귀(종가),2025-12-29,-0.025763480318051292,0.0007952205606072144,0.0,-0.002666993088997138
B 기대수익 회귀(종가),2025-12-30,0.08438229358760804,0.005472543234161089,0.6,0.012888063886838849
B 기대수익 회귀(종가),2026-01-02,0.005769987418307589,-0.00017773723033245132,0.0,0.00521121590443454
B 기대수익 회귀(종가),2026-01-05,-0.03915872114394588,0.010790559570127868,0.0,-0.002312397576519492
B 기대수익 회귀(종가),2026-01-06,-0.01751465594437418,0.0015485532664323972,0.0,-0.009692672852539708
B 기대수익 회귀(종가),2026-01-07,-0.019205775016053826,-0.005418719344022114,0.0,-0.011856017289048691
B 기대수익 회귀(종가),2026-01-08,0.0015835750151002932,-0.0002461427860421567,0.0,0.006852388642701354
B 기대수익 회귀(종가),2026-01-09,-0.010549651227225197,0.007111056341602719,0.0,0.007682894811189679
B 기대수익 회귀(종가),2026-01-12,-0.015127698953770773,0.010908389971826705,0.0,0.0020583952588151583
B 기대수익 회귀(종가),2026-01-13,0.0070578993813301474,4.735547355474599e-05,0.0,0.0011510453699976888
B 기대수익 회귀(종가),2026-01-14,-0.0017858628033421181,-0.00823610515552817,0.0,0.005803622333049741
B 기대수익 회귀(종가),2026-01-15,-0.035113355615468154,-0.02411093888011062,0.0,-0.0019465062566005444
B 기대수익 회귀(종가),2026-01-16,0.07445050746444799,-0.034452985022687635,0.4,0.007795040695926287
B 기대수익 회귀(종가),2026-01-19,0.02864407900494481,0.0016605890846940882,0.2,0.012191009246429723
B 기대수익 회귀(종가),2026-01-20,0.04393014893953231,-0.013900294184195604,0.2,-0.010083756311329151
B 기대수익 회귀(종가),2026-01-21,0.00664674646196777,0.009390920798587034,0.0,0.0093261631470699
B 기대수익 회귀(종가),2026-01-22,-0.04297949867205164,0.004650847231993051,0.0,0.013321615386327968
B 기대수익 회귀(종가),2026-01-23,-0.04809342794082141,-0.024977264158446255,0.0,0.01716252165393167
B 기대수익 회귀(종가),2026-01-26,-0.006886748867657142,-0.0007499881731910056,0.0,0.005588143001502318
B 기대수익 회귀(종가),2026-01-27,0.05073691597417691,0.01111110619739444,0.8,0.01033167111891521
B 기대수익 회귀(종가),2026-01-28,-0.014797367137172212,0.014764200103607196,0.0,0.011375606063629855
B 기대수익 회귀(종가),2026-01-29,0.040352347619261875,0.06255339422900921,0.2,-0.006539402331521364
B 기대수익 회귀(종가),2026-01-30,-0.028198456346395062,-0.016809373603618692,0.0,-0.02404742692871909
B 기대수익 회귀(종가),2026-02-02,0.03874324620372445,0.02464841970962084,0.4,0.028496302481451852
B 기대수익 회귀(종가),2026-02-03,-0.005143190272079965,0.00255880894616747,0.2,0.013912127499581805
B 기대수익 회귀(종가),2026-02-04,-0.05895818628223579,-0.009938670642542745,0.0,-0.013782295722088974
B 기대수익 회귀(종가),2026-02-05,-0.03868007943585232,-0.014739787103506072,0.0,-0.011694460439660458
B 기대수익 회귀(종가),2026-02-06,0.032301451220435505,0.020674749947750072,0.4,0.023987251223402374
B 기대수익 회귀(종가),2026-02-09,0.02366770129506226,0.013071302299581557,0.4,0.007976846491269304
B 기대수익 회귀(종가),2026-02-10,0.015733497325811266,-0.003188783347548084,0.2,0.00359333797289531
B 기대수익 회귀(종가),2026-02-11,0.03925910028363964,-0.0020983143303759705,0.4,0.006921239118416125
B 기대수익 회귀(종가),2026-02-12,-0.03172458373993148,-0.016033353940442273,0.0,-0.011204442548796417
B 기대수익 회귀(종가),2026-02-13,-0.02676228575362527,-0.00563509972437639,0.2,0.016971612679750992
B 기대수익 회귀(종가),2026-02-19,0.020174940210389104,-0.009699673671542296,0.2,0.001987813448514803
B 기대수익 회귀(종가),2026-02-20,0.04125272607305604,-0.003815334171929961,0.4,0.0077092901298403925
B 기대수익 회귀(종가),2026-02-23,0.07690691838347567,0.002991114018950293,0.4,0.007053189406763202
B 기대수익 회귀(종가),2026-02-24,-0.031149174263347533,-0.0012523006487272764,0.0,0.0017298403220100545
B 기대수익 회귀(종가),2026-02-25,0.0161342111569742,0.004624918460534879,0.4,-0.00943296350150812
B 기대수익 회귀(종가),2026-02-26,-0.06859070659068889,-0.028568180990624102,0.2,-0.008013933965764691
B 기대수익 회귀(종가),2026-02-27,-0.06429165362659661,-0.009886253171493541,0.0,-0.03596802968408198
B 기대수익 회귀(종가),2026-03-03,-0.11685339782880008,-0.005328817449540678,0.0,-0.10464300801656874
B 기대수익 회귀(종가),2026-03-04,0.09975033614657805,0.03580005500404111,1.0,0.08239836029546035
B 기대수익 회귀(종가),2026-03-05,0.04327412253657679,-0.007361746053676164,0.2,0.01594315956975061
B 기대수익 회귀(종가),2026-03-06,-0.06591058272640431,-0.018782131077094033,0.0,-0.04012733759971603
B 기대수익 회귀(종가),2026-03-09,0.08184111479939102,0.03227381681799666,0.4,0.028924277561923725
B 기대수익 회귀(종가),2026-03-10,0.06566064150714142,0.022141071540732374,0.2,0.016676546647630245
B 기대수익 회귀(종가),2026-03-11,-0.026246118093095717,-0.0051802172626020035,0.0,0.009845866881188995
B 기대수익 회귀(종가),2026-03-12,-0.0004741102075376685,-0.011234655835357274,0.0,0.0028258749569189633
B 기대수익 회귀(종가),2026-03-13,-0.018435007518729105,0.00532766694284428,0.0,-0.006457369871616358
B 기대수익 회귀(종가),2026-03-16,0.06636543227010583,0.006481563381994217,0.2,0.006118461810000766
B 기대수익 회귀(종가),2026-03-17,-0.006602564519795749,-0.01300011738914013,0.0,0.011118683250705811
B 기대수익 회귀(종가),2026-03-18,-0.04481896602748563,-0.014079838036530899,0.0,-0.010198933454685234
B 기대수익 회귀(종가),2026-03-19,-0.004465202724353332,-0.000552358555446773,0.0,0.01927552494531475
B 기대수익 회귀(종가),2026-03-20,-0.03982447284261026,0.0029779475798884757,0.0,-0.03666627905008643
B 기대수익 회귀(종가),2026-03-23,0.004264010340767822,0.028855299610625718,0.0,0.015245341765609622
B 기대수익 회귀(종가),2026-03-24,0.07522659707967323,0.010641411063480846,0.4,0.02197130913637473
B 기대수익 회귀(종가),2026-03-25,-0.016787867867952697,0.010077948592439025,0.0,-0.014021170329409147
B 기대수익 회귀(종가),2026-03-26,0.04580580647375756,-0.006385765128465713,0.2,0.003698981480592674
B 기대수익 회귀(종가),2026-03-27,-0.023224115220127503,-0.034899120107915446,0.0,-0.01705941041807275
B 기대수익 회귀(종가),2026-03-30,-0.03170885776115686,-0.0012386646305922548,0.0,-0.02409352199195526
B 기대수익 회귀(종가),2026-03-31,0.0691130777214101,0.04806817713050102,0.8,0.04226281568650958
B 기대수익 회귀(종가),2026-04-01,-0.07189598546680809,0.021082444744157235,0.0,-0.035082568953816326
B 기대수익 회귀(종가),2026-04-02,0.005363351082550662,0.02753928582184053,0.0,0.013862106937985392
B 기대수익 회귀(종가),2026-04-03,-0.017908677098658662,-0.007833559485014095,0.0,-0.005428605541528376
B 기대수익 회귀(종가),2026-04-06,-0.05551903057752126,-0.023659197896358085,0.0,-0.007406231186924282
B 기대수익 회귀(종가),2026-04-07,0.026232213042366337,0.0245929108102408,0.6,0.03407843133813905
B 기대수익 회귀(종가),2026-04-08,-0.02677399914836276,0.010361527075591993,0.2,-0.004668265781289443
B 기대수익 회귀(종가),2026-04-09,0.02070435926665881,0.005310619095470194,0.2,0.02138694637235902
B 기대수익 회귀(종가),2026-04-10,0.03154488087536542,-0.0011452117639603615,0.4,0.0054023976071060804
B 기대수익 회귀(종가),2026-04-13,-0.0157368244019475,-0.008072112431465148,0.0,0.018828320249888127
B 기대수익 회귀(종가),2026-04-14,-0.01365339747641816,0.00467763447944183,0.0,0.014653569407904157
B 기대수익 회귀(종가),2026-04-15,0.004928761327805888,0.009256079854094336,0.2,0.013315431992581745
B 기대수익 회귀(종가),2026-04-16,0.09916529632559494,0.008712209933561145,0.4,0.006387173149283024
B 기대수익 회귀(종가),2026-04-17,-0.01703201716989928,-0.00524144681467502,0.2,0.0019504173551320243
B 기대수익 회귀(종가),2026-04-20,-0.0007939853248045453,-0.004695210486778543,0.2,0.0007284017659212403
B 기대수익 회귀(종가),2026-04-21,-0.0073509185828419124,0.018463017029024552,0.2,0.0034294937406400008
B 기대수익 회귀(종가),2026-04-22,-0.04315203142474964,-0.006173497986488295,0.0,-0.0044523662432706754
B 기대수익 회귀(종가),2026-04-23,0.02725997994229086,-0.0005276633798121805,0.4,0.014604152042506069
B 기대수익 회귀(종가),2026-04-24,0.11600734523274218,0.016678938876828746,0.8,0.010330856222138286
B 기대수익 회귀(종가),2026-04-27,-0.03456572801238935,-0.00263007642538222,0.0,-0.0015671520359744218
B 기대수익 회귀(종가),2026-04-28,-0.006294860218243213,-0.009357323997983322,0.0,0.005762412713831782
B 기대수익 회귀(종가),2026-04-29,-0.008472250494456279,0.01586566399470351,0.0,-0.010104630631864875
B 기대수익 회귀(종가),2026-04-30,0.04328278494742015,0.02364751893501371,0.6,0.006614612431200443
B 기대수익 회귀(종가),2026-05-04,-0.005803973580496845,0.008254067937461909,0.0,-0.010322708103875368
B 기대수익 회귀(종가),2026-05-06,0.027040504990583615,-0.00542505244899245,0.4,-0.00830496863288065
B 기대수익 회귀(종가),2026-05-07,0.028464043650943925,0.01598874977685632,0.4,0.0026197802557723034
B 기대수익 회귀(종가),2026-05-08,-0.026345285350438383,0.004769519940702251,0.0,-0.012162217583858732
B 기대수익 회귀(종가),2026-05-11,-0.04480513318223882,0.0026115398396499255,0.2,-0.01920275939708321
B 기대수익 회귀(종가),2026-05-12,-0.009252193243446836,-0.019039746347416182,0.0,-0.000805286189809613
B 기대수익 회귀(종가),2026-05-13,0.0055514012018596645,0.0040026597466523055,0.0,0.008417189372093938
B 기대수익 회귀(종가),2026-05-14,-0.036765322218845965,0.0011164654052761031,0.0,-0.029883010012333417
B 기대수익 회귀(종가),2026-05-15,-0.041184629619989456,-0.015022891950305615,0.0,-0.014895905251398764
B 기대수익 회귀(종가),2026-05-18,-0.04275297025160487,0.0028074268567091403,0.0,-0.014965300405597235
B 기대수익 회귀(종가),2026-05-19,0.0010464916685891906,-0.01640758981636354,0.4,-0.02361581816943006
B 기대수익 회귀(종가),2026-05-20,0.0458020850860346,0.024413773907977922,0.2,0.02096484600076034
B 기대수익 회귀(종가),2026-05-21,0.0297373061046299,0.014870518598411509,0.4,0.030975093769322334
B 기대수익 회귀(종가),2026-05-22,-0.010833218150294342,0.018725328643895846,0.0,-0.004716487208313951
B 기대수익 회귀(종가),2026-05-26,-0.06299270379271024,0.001972932129405837,0.0,-0.03251050089770355
B 기대수익 회귀(종가),2026-05-27,-0.02952285563418424,-0.00935548435992832,0.0,-0.016762652677006946
B 기대수익 회귀(종가),2026-05-28,-0.07606587965676899,-0.014993614350328909,0.0,-0.021833617546767242
B 기대수익 회귀(종가),2026-05-29,-0.027211763841330013,-0.004383664276056474,0.0,-0.029509793572078575
B 기대수익 회귀(종가),2026-06-01,0.0059047655954578525,-0.004156873929302883,0.2,-0.015114430800020761
B 기대수익 회귀(종가),2026-06-02,0.11183419192101293,0.04043799234323777,0.6,0.0031906582764590742
B 기대수익 회귀(종가),2026-06-04,-0.021997228865101005,-0.0060886751676096015,0.0,-0.019262165206061083
B 기대수익 회귀(종가),2026-06-05,-0.08035304823807103,-0.07312915206120604,0.0,-0.05849992291446675
B 기대수익 회귀(종가),2026-06-08,0.05666872734328789,0.010099984905836835,0.6,0.03599414606553469
B 기대수익 회귀(종가),2026-06-09,-0.013994739204209726,-0.014125635287611503,0.0,-0.009522275260998357
B 기대수익 회귀(종가),2026-06-10,0.01560850266476266,-0.028998080406711722,0.0,0.018022730263406447
B 기대수익 회귀(종가),2026-06-11,0.027176831879510567,0.05314816518441932,0.2,0.025346898493355297
B 기대수익 회귀(종가),2026-06-12,0.005548866788080155,0.013395501210743978,0.0,0.011087946516131804
B 기대수익 회귀(종가),2026-06-15,0.041347576723806026,0.010291960336360885,0.2,0.0012298867444258236
B 기대수익 회귀(종가),2026-06-16,0.010195906714423055,0.005539650471502934,0.4,0.004534957721614808
B 기대수익 회귀(종가),2026-06-17,-0.04432672681025094,-0.003968130173394855,0.0,-0.024665286114912276
B 기대수익 회귀(종가),2026-06-18,-0.04043591243113591,-0.013148361097536697,0.2,-0.028763625245219724
B 기대수익 회귀(종가),2026-06-19,-0.05085928678706786,-0.03776353463413529,0.0,-0.017618708566267675
B 기대수익 회귀(종가),2026-06-22,0.007297038119530487,-0.004172293074433629,0.4,-0.05206498089526969
B 기대수익 회귀(종가),2026-06-23,-0.0001479564251926507,-0.002929189718475154,0.2,0.0061269791777162335
B 기대수익 회귀(종가),2026-06-24,-0.04263908899187481,-0.00043240051107440274,0.0,-0.017240185888201864
B 기대수익 회귀(종가),2026-06-25,-0.0683112144148353,-0.006397309794441839,0.0,-0.03292586680749044
B 기대수익 회귀(종가),2026-06-26,0.10867149798037108,-0.013432684333925103,0.8,0.06400172537393169
B 기대수익 회귀(종가),2026-06-29,0.05459295605085275,-0.01471377298363805,0.2,-0.005358953284990833
B 기대수익 회귀(종가),2026-06-30,0.016541846799049846,0.017318194977081626,0.0,0.02033367603613547
B 기대수익 회귀(종가),2026-07-01,0.009195192643400142,-0.02259113603915159,0.2,-0.02795732925207157
B 기대수익 회귀(종가),2026-07-02,0.014530960729725465,0.0003472751303461824,0.2,0.01049972491330367
B 기대수익 회귀(종가),2026-07-03,-0.011090709983998834,-0.0028412799683593653,0.2,-0.000937919491281282
B 기대수익 회귀(종가),2026-07-06,0.003680921510672299,-0.018914356956513424,0.2,-0.012375791554951773
B 기대수익 회귀(종가),2026-07-07,-0.10266478739947613,-0.032911165856139686,0.0,-0.02919733867800062
B 기대수익 회귀(종가),2026-07-08,0.01455666149942938,-0.005955707109250239,0.2,-0.0029472459326213155
B 기대수익 회귀(종가),2026-07-09,0.06582895596577128,0.03073945140315968,0.6,0.03984489588023255
B 기대수익 회귀(종가),2026-07-10,-0.056710579414620696,0.0049285575221051274,0.0,-0.031201435186274284
B 기대수익 회귀(종가),2026-07-13,-0.01752628727966281,-0.014173563904242712,0.0,-0.013059121698433127
B 기대수익 회귀(종가),2026-07-14,0.06967020762043286,0.0228208372732027,0.8,0.03399544741141964
B 기대수익 회귀(종가),2026-07-15,-0.056849869187441435,0.007116913973900909,0.0,-0.012800638612849035
B 기대수익 회귀(종가),2026-07-16,-0.02557920560070019,-0.035845840790347694,0.0,-0.03315342329125937
B 기대수익 회귀(종가),2026-07-20,0.0021600181364910724,-0.002349019874069234,0.0,0.005469198461493379
B 기대수익 회귀(종가),2026-07-21,0.049007963166254484,0.01397450243737273,0.4,0.003009151478759259
B 기대수익 회귀(종가),2026-07-22,0.015741818654060213,0.011481810765597357,0.2,0.03453916623605978
B 기대수익 회귀(종가),2026-07-23,-0.006373016241597094,-0.007135431466695239,0.2,-0.02010886807842323
B 기대수익 회귀(종가),2026-07-24,0.005675898289791494,0.002365378540313802,0.2,0.005294325333189496
B 기대수익 회귀(종가),2026-07-27,-0.09625083682177107,-0.02146712802768167,0.0,-0.04783581112632247
B 기대수익 회귀(종가),2026-07-28,-0.12274649651451892,0.0023996245543567623,0.0,-0.0484234635806065
B 기대수익 회귀(종가),2026-07-29,-0.007297234344151391,-0.06408848959102013,0.0,-0.000751411558804363
B 기대수익 회귀(종가),2026-07-30,0.15393486103172754,0.06938062973287953,1.0,0.06322844565118081
B 기대수익 회귀(종가),2026-07-31,0.015636598919496314,0.0010402709866817812,0.4,0.012035879854206373
B 기대수익 회귀(종가),2026-08-03,0.035901832377287016,0.01339571613245565,0.4,0.03666091806808342
B 기대수익 회귀(종가),2026-08-04,-0.0010082234323226728,0.0016061656571193092,0.0,0.02188087927723211
B 기대수익 회귀(종가),2026-08-05,0.02772311466222501,0.010104795254027367,0.4,0.0010782543195977951
B 기대수익 회귀(종가),2026-08-06,-0.008979200241520723,-0.0007763975418421981,0.0,0.0026556227313617514
B 기대수익 회귀(종가),2026-08-07,0.0008320101457519619,-0.00803948781629604,0.0,0.030761346757757244
B 기대수익 회귀(종가),2026-08-10,0.10031557766015982,0.05017187522846678,0.6,0.010317286938520201
B 기대수익 회귀(종가),2026-08-11,-0.026319174480871795,0.0008154440488028288,0.0,0.002862572501223648
B 기대수익 회귀(종가),2026-08-12,-0.016295095762594046,-0.008540161226462239,0.0,-0.0024088648267553345
B 기대수익 회귀(종가),2026-08-13,-0.005653988056883706,0.00047447534333700143,0.0,0.00794886664720665
B 기대수익 회귀(종가),2026-08-14,-0.010665975242660329,0.010205155035674453,0.0,-0.020904235400924905
B 기대수익 회귀(종가),2026-08-18,-0.010565766754493586,-0.003701782502219662,0.0,-0.014809237523857315
B 기대수익 회귀(종가),2026-08-19,0.011860028214583497,0.0021507642685994607,0.0,0.009598951089888662
B 기대수익 회귀(종가),2026-08-20,-0.04718247946223899,-0.013234518986729026,0.0,-0.023096892096517347
B 기대수익 회귀(종가),2026-08-21,-0.003846140966332133,0.007218668330961499,0.0,0.006929950405012065
B 기대수익 회귀(종가),2026-08-24,-0.007804119025687005,0.01934754478803511,0.0,0.014096873409892706
B 기대수익 회귀(종가),2026-08-25,0.05301088520510833,0.005395464092747939,0.2,0.006749281301429615
B 기대수익 회귀(종가),2026-08-26,0.07119441657462641,0.0017617425883910817,0.8,0.0029536984139328535
B 기대수익 회귀(종가),2026-08-27,0.07869445248807974,0.0010215662371756656,0.4,0.007706284692566565
B 기대수익 회귀(종가),2026-08-28,0.05150493096896765,0.06248858057775489,0.2,-0.0006009351556345746
B 기대수익 회귀(종가),2026-08-31,0.04465187913581046,0.02622076204530717,0.4,-0.0003478407511406818
B 기대수익 회귀(종가),2026-09-01,-0.0068684923555478485,-0.019030348824334985,0.0,-0.015718314960223412
B 기대수익 회귀(종가),2026-09-02,-0.03841943994607115,0.0056710165405970975,0.0,-0.004915802406736418
B 기대수익 회귀(종가),2026-09-03,0.04075741933398362,0.006862783584096711,0.6,0.011999833795368647
B 기대수익 회귀(종가),2026-09-04,-0.0017046308655737068,0.005947973485737258,0.0,0.004300609310247147
B 기대수익 회귀(종가),2026-09-07,-0.007808572915123022,0.0019308769220556035,0.0,-0.006102842992780181
B 기대수익 회귀(종가),2026-09-08,0.0078525602320229,0.006947372141395581,0.2,0.007828174763127114
B 기대수익 회귀(종가),2026-09-09,-0.05661176191468511,0.009452961695175423,0.0,0.002461369731246621
B 기대수익 회귀(종가),2026-09-10,-0.014298480747713846,-0.006864011778169775,0.0,-0.0019819699852755466
B 기대수익 회귀(종가),2026-09-11,-0.030134013800680058,-0.012198310480009565,0.0,-0.004670009701764257
B 기대수익 회귀(종가),2026-09-14,0.05502878773432181,0.050134666013334585,0.6,0.003976948669543348
B 기대수익 회귀(종가),2026-09-15,-0.019184911550601647,-0.017035586340991338,0.2,-0.002713700992198259
B 기대수익 회귀(종가),2026-09-16,0.022836629678130785,-0.014887432548867239,0.4,0.008891865281096454
B 기대수익 회귀(종가),2026-09-17,0.014086981646370811,0.012418247009101747,0.0,0.0025162803120201568
C 순위 회귀(종가),2025-09-23,0.00013937836757669424,-0.003064401257442138,0.0,-0.006252727102597201
C 순위 회귀(종가),2025-09-24,-0.018325037729635542,-0.006365846749885161,0.0,-0.0036360801051098786
C 순위 회귀(종가),2025-09-25,0.00042481148596711527,-0.004863184985109846,0.2,-0.016858713778334516
C 순위 회귀(종가),2025-09-26,0.013675514776631427,0.008968995068897503,0.0,0.008802885681291226
C 순위 회귀(종가),2025-09-29,-0.00035107564383855924,-0.0007005229661727768,0.0,-0.005053533343822893
C 순위 회귀(종가),2025-09-30,-0.008082091738598305,0.0008448575755308349,0.0,0.001580783632815098
C 순위 회귀(종가),2025-10-01,0.00026008719637418297,0.0008095810798915987,0.0,0.008284814376331048
C 순위 회귀(종가),2025-10-02,0.000949387597645603,0.00676277879710372,0.0,-0.0007703542292677141
C 순위 회귀(종가),2025-10-10,0.0017150835100669297,-0.02010219760606291,0.2,-0.0018937989273522745
C 순위 회귀(종가),2025-10-13,-0.010368248269040746,-0.005159806328567471,0.0,-0.007250577140105357
C 순위 회귀(종가),2025-10-14,0.0339386768560737,0.008365822514284284,0.2,0.017062616444354854
C 순위 회귀(종가),2025-10-15,0.004743937237908737,0.0039433614327981,0.0,-0.0003019172137646225
C 순위 회귀(종가),2025-10-16,-0.022942435886486763,-0.0029076074474005047,0.0,-0.012114911808029045
C 순위 회귀(종가),2025-10-17,0.005904406766907401,0.0012903922946982298,0.0,0.009262838773590172
C 순위 회귀(종가),2025-10-20,-0.001030536148242887,-0.0003409773437955438,0.0,-0.0012682869025218747
C 순위 회귀(종가),2025-10-21,0.013132433131246192,0.003152011497634423,0.0,0.006905344236150564
C 순위 회귀(종가),2025-10-22,-0.003031571376172691,-0.006801699075510491,0.0,-0.004941012325172388
C 순위 회귀(종가),2025-10-23,0.020816445435522017,0.010765324666067678,0.2,0.004289314074105059
C 순위 회귀(종가),2025-10-24,-0.0097306915379743,0.0032391781416532227,0.0,0.007128348581603042
C 순위 회귀(종가),2025-10-27,0.017275588550649812,-0.0019038204725611001,0.2,1.8151764101359103e-05
C 순위 회귀(종가),2025-10-28,-0.007048371926379858,0.0018886657295130523,0.0,-0.0031640377665198526
C 순위 회귀(종가),2025-10-29,-0.015243098354514538,-0.007621009719859171,0.0,-0.01424713789513162
C 순위 회귀(종가),2025-10-30,-0.011167458494520896,-0.0009907485281749544,0.0,0.0013033138296274396
C 순위 회귀(종가),2025-10-31,0.0037561739119526,-0.002877192982456143,0.2,-0.0026758230249281523
C 순위 회귀(종가),2025-11-03,0.007030803893460204,-0.003164044273893583,0.0,0.0006045783586035873
C 순위 회귀(종가),2025-11-04,-0.011119397897567239,-0.0015832302072798382,0.0,-0.015520584719916585
C 순위 회귀(종가),2025-11-05,0.014578972681835391,0.010657715526281787,0.0,0.004973731233142442
C 순위 회귀(종가),2025-11-06,-0.005530615954588434,-0.019372276504022574,0.2,-0.015354967154933166
C 순위 회귀(종가),2025-11-07,0.03793112161752854,-0.001786744348220169,0.2,0.019697613655814617
C 순위 회귀(종가),2025-11-10,0.005437729423752715,0.004157934963868827,0.0,-0.00397707681789068
C 순위 회귀(종가),2025-11-11,0.01807918153409971,-0.0006879214512814462,0.0,0.017606587693800132
C 순위 회귀(종가),2025-11-12,0.0033631769247637793,-0.0009161588589150487,0.0,0.003967632485517005
C 순위 회귀(종가),2025-11-13,-0.016082048835547688,-0.007387819209356448,0.0,-0.016047931288087854
C 순위 회귀(종가),2025-11-14,0.004396936284281706,-0.0007281868889988034,0.0,-0.0007401167480868981
C 순위 회귀(종가),2025-11-17,-0.027951818472690883,-0.004325761500595358,0.0,-0.023129159003276327
C 순위 회귀(종가),2025-11-18,-0.0007262770588756667,0.0008897972621948044,0.2,-0.0017853597364144763
C 순위 회귀(종가),2025-11-19,0.009544178861096288,-0.003765909254360576,0.0,0.016345983629791224
C 순위 회귀(종가),2025-11-20,-0.012859557427351896,-0.007629145348571662,0.0,-0.019824802165978945
C 순위 회귀(종가),2025-11-21,-0.014895494160411358,0.014225249666568818,0.0,-0.0049997316223542665
C 순위 회귀(종가),2025-11-24,0.0235329433328322,0.007812624429902116,0.2,-0.000522903954275292
C 순위 회귀(종가),2025-11-25,0.013708267871066182,-0.001687717780501295,0.0,0.01611877738553089
C 순위 회귀(종가),2025-11-26,0.0013002025517865573,-0.0015433789954337734,0.0,0.0022187873277557855
C 순위 회귀(종가),2025-11-27,0.017803861031120687,0.0029448220588461655,0.2,0.017472467974002936
C 순위 회귀(종가),2025-11-28,-0.004991658353970928,0.013807001514271436,0.0,0.0026332943664510848
C 순위 회귀(종가),2025-12-01,0.0024984158476165433,-0.0026705418933571793,0.0,0.008912689851540808
C 순위 회귀(종가),2025-12-02,-0.0002882689595846016,-0.000411608583145993,0.0,0.009148843277657085
C 순위 회귀(종가),2025-12-03,-0.005351659587946388,-0.002,0.0,-0.004139209763353787
C 순위 회귀(종가),2025-12-04,0.016255066834922373,-0.0025224499348542855,0.2,0.005411893391427193
C 순위 회귀(종가),2025-12-05,-0.010123140193588396,0.0006348345406618676,0.0,-0.0007447062950423365
C 순위 회귀(종가),2025-12-08,0.026967001178362725,0.007246613619790667,0.2,0.0006129231603835658
C 순위 회귀(종가),2025-12-09,-0.006900753385754242,-0.004621315584299078,0.0,-0.0012763537993222265
C 순위 회귀(종가),2025-12-10,0.0006547250568683235,0.00977588957705269,0.0,0.007293687222336325
C 순위 회귀(종가),2025-12-11,0.012935792996720255,0.0018885498974087218,0.0,0.00778571465375253
C 순위 회귀(종가),2025-12-12,0.00481653006700651,-0.0019055721852025292,0.0,-0.0009569545641712257
C 순위 회귀(종가),2025-12-15,0.0016835462114848116,-0.0009860583016476614,0.0,-0.014568212035567423
C 순위 회귀(종가),2025-12-16,-0.021985546883142977,0.0053132221603617875,0.0,0.002273339978855565
C 순위 회귀(종가),2025-12-17,-0.008339239612137759,-0.013982984031083954,0.0,-0.008117156333645143
C 순위 회귀(종가),2025-12-18,0.051157834775649016,0.011492525458457517,0.4,0.009089043028248905
C 순위 회귀(종가),2025-12-19,-0.004796888763695593,-0.005289135082070405,0.0,0.010442822715450743
C 순위 회귀(종가),2025-12-22,-0.004681288995749931,0.00035991034185629735,0.0,-0.010651140201431576
C 순위 회귀(종가),2025-12-23,0.005359473266671435,0.006654927077696994,0.0,-0.002138594713944797
C 순위 회귀(종가),2025-12-24,0.005432033802459248,0.00317115935413055,0.2,-0.0021580343436831398
C 순위 회귀(종가),2025-12-26,-0.0037240539325553695,-0.006761613664046571,0.0,0.002436036826949092
C 순위 회귀(종가),2025-12-29,-0.011354204126620936,-0.003488833746898255,0.0,-0.002666993088997138
C 순위 회귀(종가),2025-12-30,-0.009580127981845554,-0.0014290750007868152,0.0,0.012888063886838849
C 순위 회귀(종가),2026-01-02,0.01479645415983011,-0.0035436554942079182,0.2,0.00521121590443454
C 순위 회귀(종가),2026-01-05,0.01718884618973158,0.0005113587995895248,0.2,-0.002312397576519492
C 순위 회귀(종가),2026-01-06,-0.013612125798343809,0.005126628258973455,0.0,-0.009692672852539708
C 순위 회귀(종가),2026-01-07,-0.06326234405600818,-0.0018227992661397057,0.0,-0.011856017289048691
C 순위 회귀(종가),2026-01-08,0.004323211384223248,0.006371380956339092,0.0,0.006852388642701354
C 순위 회귀(종가),2026-01-09,0.006338190981832505,0.004137605425466264,0.2,0.007682894811189679
C 순위 회귀(종가),2026-01-12,0.010148127858980184,-0.0026894680840643154,0.0,0.0020583952588151583
C 순위 회귀(종가),2026-01-13,-0.008593400340080867,0.0015512721292298987,0.0,0.0011510453699976888
C 순위 회귀(종가),2026-01-14,0.004497507923393519,0.00799183751944488,0.0,0.005803622333049741
C 순위 회귀(종가),2026-01-15,0.012558435284284955,0.003700623020840045,0.0,-0.0019465062566005444
C 순위 회귀(종가),2026-01-16,-0.004350680698466401,-0.0441180116850465,0.2,0.007795040695926287
C 순위 회귀(종가),2026-01-19,0.013706449735196682,0.0002500459463774768,0.0,0.012191009246429723
C 순위 회귀(종가),2026-01-20,-0.009812547093562383,-0.005170245869808297,0.0,-0.010083756311329151
C 순위 회귀(종가),2026-01-21,0.012673232298219263,0.007293269069908062,0.0,0.0093261631470699
C 순위 회귀(종가),2026-01-22,-0.0007541989439930213,0.0025728260612347693,0.0,0.013321615386327968
C 순위 회귀(종가),2026-01-23,-0.003146948368937828,-0.00018558068277960528,0.0,0.01716252165393167
C 순위 회귀(종가),2026-01-26,0.004431705818901179,-0.0021886937512455057,0.0,0.005588143001502318
C 순위 회귀(종가),2026-01-27,0.025783807633355152,0.0006947524030831891,0.2,0.01033167111891521
C 순위 회귀(종가),2026-01-28,0.004217784431604967,-0.004721888327996513,0.0,0.011375606063629855
C 순위 회귀(종가),2026-01-29,0.0020856673079504354,-0.005188167985640855,0.0,-0.006539402331521364
C 순위 회귀(종가),2026-01-30,-0.023174131171588154,-0.008977245844907708,0.0,-0.02404742692871909
C 순위 회귀(종가),2026-02-02,0.04498509506067392,0.014844611036801682,0.6,0.028496302481451852
C 순위 회귀(종가),2026-02-03,-1.8916744089890296e-05,-0.0021564598507945324,0.0,0.013912127499581805
C 순위 회귀(종가),2026-02-04,0.0030847383055694804,-0.0024569149693775866,0.0,-0.013782295722088974
C 순위 회귀(종가),2026-02-05,-0.005979180786420078,-0.0032621875196549447,0.0,-0.011694460439660458
C 순위 회귀(종가),2026-02-06,0.002458249231759326,0.006563390150576033,0.0,0.023987251223402374
C 순위 회귀(종가),2026-02-09,0.005419376919241061,-0.001007444168734482,0.0,0.007976846491269304
C 순위 회귀(종가),2026-02-10,0.030993357035877668,0.00230235514522701,0.2,0.00359333797289531
C 순위 회귀(종가),2026-02-11,7.046789173783706e-05,-0.0017371879106438987,0.0,0.006921239118416125
C 순위 회귀(종가),2026-02-12,-0.010009137353006502,0.0003256831952096048,0.0,-0.011204442548796417
C 순위 회귀(종가),2026-02-13,-0.029849019285078326,-0.006576874611014148,0.0,0.016971612679750992
C 순위 회귀(종가),2026-02-19,0.001153913781680151,0.01760498314705377,0.0,0.001987813448514803
C 순위 회귀(종가),2026-02-20,0.007024642437358699,0.00026415094339622604,0.0,0.0077092901298403925
C 순위 회귀(종가),2026-02-23,-0.0009673275194249415,-0.0014835684090293883,0.0,0.007053189406763202
C 순위 회귀(종가),2026-02-24,-0.007213278619027584,0.001427028642165042,0.0,0.0017298403220100545
C 순위 회귀(종가),2026-02-25,-0.011524030647058224,-0.00043103523799281444,0.0,-0.00943296350150812
C 순위 회귀(종가),2026-02-26,-0.02804163661599357,-0.021135265414477654,0.2,-0.008013933965764691
C 순위 회귀(종가),2026-02-27,-0.015758580825123,0.008005406754718327,0.2,-0.03596802968408198
C 순위 회귀(종가),2026-03-03,-0.11107483208337099,-0.025587693141772824,0.0,-0.10464300801656874
C 순위 회귀(종가),2026-03-04,0.1363849603668464,0.053590795718638076,1.0,0.08239836029546035
C 순위 회귀(종가),2026-03-05,0.0010950730024576155,-0.009954013501527534,0.2,0.01594315956975061
C 순위 회귀(종가),2026-03-06,-0.021301476405644212,-0.01481025414671042,0.2,-0.04012733759971603
C 순위 회귀(종가),2026-03-09,0.05054988813334686,0.02918206120297042,0.4,0.028924277561923725
C 순위 회귀(종가),2026-03-10,0.0006977923204878572,-0.0017140776141273168,0.0,0.016676546647630245
C 순위 회귀(종가),2026-03-11,0.0008460869013068991,-0.001034687455740067,0.0,0.009845866881188995
C 순위 회귀(종가),2026-03-12,-0.00014560384516943792,-0.023218942473295902,0.0,0.0028258749569189633
C 순위 회귀(종가),2026-03-13,-0.011939637245841038,0.0015632581623801671,0.0,-0.006457369871616358
C 순위 회귀(종가),2026-03-16,0.0047682206682040165,0.004512058153545275,0.0,0.006118461810000766
C 순위 회귀(종가),2026-03-17,-0.0024204300341475788,-0.006290868990145813,0.0,0.011118683250705811
C 순위 회귀(종가),2026-03-18,-0.0014497543067364597,-0.002003509182360495,0.0,-0.010198933454685234
C 순위 회귀(종가),2026-03-19,0.009221771148798831,0.0002788402057461578,0.0,0.01927552494531475
C 순위 회귀(종가),2026-03-20,-0.009452521238358356,-0.004493040885386755,0.0,-0.03666627905008643
C 순위 회귀(종가),2026-03-23,0.022768584002775018,0.03225606674254715,0.0,0.015245341765609622
C 순위 회귀(종가),2026-03-24,-0.002930832838411977,-0.004399453729537737,0.0,0.02197130913637473
C 순위 회귀(종가),2026-03-25,0.0013438255927575435,-0.002968528680643499,0.0,-0.014021170329409147
C 순위 회귀(종가),2026-03-26,0.030051486720520645,-0.007976473800193215,0.4,0.003698981480592674
C 순위 회귀(종가),2026-03-27,-0.003753369584934572,-0.022426801803715965,0.0,-0.01705941041807275
C 순위 회귀(종가),2026-03-30,-0.04159419736804888,-0.007382728300068118,0.0,-0.02409352199195526
C 순위 회귀(종가),2026-03-31,0.07885780804477016,0.042308534621816385,0.6,0.04226281568650958
C 순위 회귀(종가),2026-04-01,-0.04296277766319083,0.022332596301644525,0.0,-0.035082568953816326
C 순위 회귀(종가),2026-04-02,0.02105982737628636,0.02994323930798979,0.2,0.013862106937985392
C 순위 회귀(종가),2026-04-03,-0.016082380772889926,-0.0034585088644562205,0.0,-0.005428605541528376
C 순위 회귀(종가),2026-04-06,-0.004263136166193358,-0.0045771966703871386,0.0,-0.007406231186924282
C 순위 회귀(종가),2026-04-07,0.029992535272847932,0.028229492577552938,0.4,0.03407843133813905
C 순위 회귀(종가),2026-04-08,-0.015059522811442603,0.0018410581967478927,0.0,-0.004668265781289443
C 순위 회귀(종가),2026-04-09,0.016366950367889647,0.0018374483873049314,0.2,0.02138694637235902
C 순위 회귀(종가),2026-04-10,-0.006341737114284006,-0.007879260994248558,0.0,0.0054023976071060804
C 순위 회귀(종가),2026-04-13,0.0004789784624140052,0.003346430514969791,0.0,0.018828320249888127
C 순위 회귀(종가),2026-04-14,-0.0031449528239464214,-0.0023368896830819426,0.0,0.014653569407904157
C 순위 회귀(종가),2026-04-15,0.023108993249089237,0.0038949090659067057,0.2,0.013315431992581745
C 순위 회귀(종가),2026-04-16,-0.02646036886487766,-0.010802063672356498,0.0,0.006387173149283024
C 순위 회귀(종가),2026-04-17,0.0047956254835022985,-0.004123106369593319,0.0,0.0019504173551320243
C 순위 회귀(종가),2026-04-20,-0.0021951443799130147,-0.0010249212387155354,0.0,0.0007284017659212403
C 순위 회귀(종가),2026-04-21,0.0016129147847426155,-0.005472283809653786,0.0,0.0034294937406400008
C 순위 회귀(종가),2026-04-22,0.0013885736537605736,0.006550191678573382,0.0,-0.0044523662432706754
C 순위 회귀(종가),2026-04-23,0.011490396888631495,-0.0071188731957581445,0.2,0.014604152042506069
C 순위 회귀(종가),2026-04-24,0.008442442088504911,0.0023274573952471586,0.2,0.010330856222138286
C 순위 회귀(종가),2026-04-27,0.0026397284091199697,-0.0022709821841837325,0.0,-0.0015671520359744218
C 순위 회귀(종가),2026-04-28,0.00658565667424771,0.00013301716350495787,0.0,0.005762412713831782
C 순위 회귀(종가),2026-04-29,0.005879584048489296,-0.00276907004899649,0.0,-0.010104630631864875
C 순위 회귀(종가),2026-04-30,0.010511266168325985,0.007433986767643843,0.0,0.006614612431200443
C 순위 회귀(종가),2026-05-04,-0.023571811613960644,0.005001353408898625,0.0,-0.010322708103875368
C 순위 회귀(종가),2026-05-06,0.0023922605555584137,0.0004629613634349566,0.0,-0.00830496863288065
C 순위 회귀(종가),2026-05-07,-0.003585780360364786,-0.007587763321131733,0.0,0.0026197802557723034
C 순위 회귀(종가),2026-05-08,-0.03961630106229961,-0.0011738873995202886,0.0,-0.012162217583858732
C 순위 회귀(종가),2026-05-11,-0.02877727810336552,0.0016837004318498677,0.0,-0.01920275939708321
C 순위 회귀(종가),2026-05-12,0.0022500960881633577,-0.004178250477694754,0.0,-0.000805286189809613
C 순위 회귀(종가),2026-05-13,0.017974613589699893,0.012150143512513202,0.0,0.008417189372093938
C 순위 회귀(종가),2026-05-14,-0.02780139463504607,0.003856895408543528,0.0,-0.029883010012333417
C 순위 회귀(종가),2026-05-15,0.004876785320888867,-0.012352418684029186,0.0,-0.014895905251398764
C 순위 회귀(종가),2026-05-18,-0.03475063206064297,-0.014446266461984924,0.0,-0.014965300405597235
C 순위 회귀(종가),2026-05-19,-0.01921778600902204,-0.020381469300056375,0.4,-0.02361581816943006
C 순위 회귀(종가),2026-05-20,0.08523266607837303,0.051787545379237535,0.8,0.02096484600076034
C 순위 회귀(종가),2026-05-21,0.05848066532808098,0.005165494122015836,0.4,0.030975093769322334
C 순위 회귀(종가),2026-05-22,-0.0012026314811444765,0.015410505420623258,0.2,-0.004716487208313951
C 순위 회귀(종가),2026-05-26,-0.04983680571326101,-0.00504935206925252,0.0,-0.03251050089770355
C 순위 회귀(종가),2026-05-27,-0.04592178933545663,0.004307250400847719,0.0,-0.016762652677006946
C 순위 회귀(종가),2026-05-28,-0.10091107487838805,-0.037193930840193935,0.0,-0.021833617546767242
C 순위 회귀(종가),2026-05-29,-0.034991007033846055,0.0016165812079569591,0.2,-0.029509793572078575
C 순위 회귀(종가),2026-06-01,-0.0231596935961315,-0.013632034384318368,0.2,-0.015114430800020761
C 순위 회귀(종가),2026-06-02,0.016710309300718,-0.02196242148574294,0.2,0.0031906582764590742
C 순위 회귀(종가),2026-06-04,-0.025639592112903564,-0.009092309857002732,0.0,-0.019262165206061083
C 순위 회귀(종가),2026-06-05,-0.08020282265392413,-0.07986251999931757,0.0,-0.05849992291446675
C 순위 회귀(종가),2026-06-08,0.05083796144064508,0.00770756332923366,0.4,0.03599414606553469
C 순위 회귀(종가),2026-06-09,-0.023357437344982857,-0.009625843364082409,0.0,-0.009522275260998357
C 순위 회귀(종가),2026-06-10,0.0316676640356073,-0.032013657386116744,0.4,0.018022730263406447
C 순위 회귀(종가),2026-06-11,0.06777408260795288,0.025167918003493293,0.2,0.025346898493355297
C 순위 회귀(종가),2026-06-12,0.004295851983195155,0.04164503118870919,0.0,0.011087946516131804
C 순위 회귀(종가),2026-06-15,0.0035067595354182817,-0.007611467254795377,0.2,0.0012298867444258236
C 순위 회귀(종가),2026-06-16,0.0074722996309260405,-0.0009189058272357259,0.2,0.004534957721614808
C 순위 회귀(종가),2026-06-17,-0.0058870062723273865,-0.001298546666967713,0.0,-0.024665286114912276
C 순위 회귀(종가),2026-06-18,-0.11889301069811242,-0.009751416170087566,0.0,-0.028763625245219724
C 순위 회귀(종가),2026-06-19,0.04261743245100171,-0.0015292194530557063,0.2,-0.017618708566267675
C 순위 회귀(종가),2026-06-22,-0.05654386106469409,-0.006085245971751817,0.0,-0.05206498089526969
C 순위 회귀(종가),2026-06-23,0.01656885988480905,-0.0012361299935954122,0.4,0.0061269791777162335
C 순위 회귀(종가),2026-06-24,-0.03839528512712069,0.005241356208850247,0.0,-0.017240185888201864
C 순위 회귀(종가),2026-06-25,-0.06945966499344033,-0.02923141058790217,0.0,-0.03292586680749044
C 순위 회귀(종가),2026-06-26,0.10377132417018262,-0.008057017108479458,0.8,0.06400172537393169
C 순위 회귀(종가),2026-06-29,0.029393892427812075,-0.0035073090451450445,0.4,-0.005358953284990833
C 순위 회귀(종가),2026-06-30,0.007325113883341252,0.016630576331534773,0.2,0.02033367603613547
C 순위 회귀(종가),2026-07-01,-0.007525605971598413,-0.012164466913499103,0.0,-0.02795732925207157
C 순위 회귀(종가),2026-07-02,0.03603259334662705,-0.0030034182062173434,0.4,0.01049972491330367
C 순위 회귀(종가),2026-07-03,0.011360035338422605,0.004483551678384591,0.2,-0.000937919491281282
C 순위 회귀(종가),2026-07-06,-0.028606843014805934,-0.0053125304836911785,0.0,-0.012375791554951773
C 순위 회귀(종가),2026-07-07,-0.08248026862754725,-0.05190637207970059,0.0,-0.02919733867800062
C 순위 회귀(종가),2026-07-08,0.010923994475645583,0.0529556961539837,0.0,-0.0029472459326213155
C 순위 회귀(종가),2026-07-09,0.0666603815391511,0.021565034883690264,0.4,0.03984489588023255
C 순위 회귀(종가),2026-07-10,-0.03992562233041615,-0.017703057308892968,0.0,-0.031201435186274284
C 순위 회귀(종가),2026-07-13,-0.0014049012962386459,-0.0058767810253302225,0.0,-0.013059121698433127
C 순위 회귀(종가),2026-07-14,0.08929681241502671,0.03359045076849898,1.0,0.03399544741141964
C 순위 회귀(종가),2026-07-15,0.0036084759639048135,-0.00010012021368046393,0.0,-0.012800638612849035
C 순위 회귀(종가),2026-07-16,-0.05556190209526366,-0.04188875649559261,0.0,-0.03315342329125937
C 순위 회귀(종가),2026-07-20,0.03226462431956782,-0.008784582552904928,0.2,0.005469198461493379
C 순위 회귀(종가),2026-07-21,0.0013569789811231489,0.008828409187068289,0.0,0.003009151478759259
C 순위 회귀(종가),2026-07-22,0.006687761659511527,-0.001178981937602595,0.0,0.03453916623605978
C 순위 회귀(종가),2026-07-23,-0.016070629737146347,-0.009539429237191775,0.0,-0.02010886807842323
C 순위 회귀(종가),2026-07-24,0.006188340730756628,0.011908628942327805,0.0,0.005294325333189496
C 순위 회귀(종가),2026-07-27,-0.1053176360431813,-0.05988031504736726,0.0,-0.04783581112632247
C 순위 회귀(종가),2026-07-28,-0.11380107629760132,0.0054758703930148055,0.0,-0.0484234635806065
C 순위 회귀(종가),2026-07-29,0.05484577679046752,0.023488746781519736,0.8,-0.000751411558804363
C 순위 회귀(종가),2026-07-30,0.11217677560579112,0.0381915393241441,0.6,0.06322844565118081
C 순위 회귀(종가),2026-07-31,-0.017188224443453068,-0.005799064048357614,0.0,0.012035879854206373
C 순위 회귀(종가),2026-08-03,0.008656776381765898,-0.0057919961614055085,0.0,0.03666091806808342
C 순위 회귀(종가),2026-08-04,-0.002301938166522464,0.0050969793121276715,0.0,0.02188087927723211
C 순위 회귀(종가),2026-08-05,0.0132557991850913,0.00797319292895309,0.0,0.0010782543195977951
C 순위 회귀(종가),2026-08-06,-0.0029925619427614496,-0.0005218833369384761,0.0,0.0026556227313617514
C 순위 회귀(종가),2026-08-07,0.0004692441055110146,0.00047291118370531736,0.0,0.030761346757757244
C 순위 회귀(종가),2026-08-10,0.03929533978442943,-0.0042745733892122426,0.4,0.010317286938520201
C 순위 회귀(종가),2026-08-11,0.0024755359031048765,-0.001019513601845599,0.0,0.002862572501223648
C 순위 회귀(종가),2026-08-12,-0.0015121951219512191,-0.0015121951219512191,0.0,-0.0024088648267553345
C 순위 회귀(종가),2026-08-13,0.01826520205284754,-0.0013512575266807695,0.2,0.00794886664720665
C 순위 회귀(종가),2026-08-14,0.006485719853118922,0.01585918570095344,0.2,-0.020904235400924905
C 순위 회귀(종가),2026-08-18,0.003963052227907916,-0.0020178090161112145,0.0,-0.014809237523857315
C 순위 회귀(종가),2026-08-19,-0.019485112563543946,0.006885257806826452,0.0,0.009598951089888662
C 순위 회귀(종가),2026-08-20,-0.024322410758030162,-0.013836770397595054,0.0,-0.023096892096517347
C 순위 회귀(종가),2026-08-21,0.0039481035409456595,0.002399316757259575,0.0,0.006929950405012065
C 순위 회귀(종가),2026-08-24,0.015779445192328947,-0.002,0.2,0.014096873409892706
C 순위 회귀(종가),2026-08-25,0.011016860754789939,-0.0180067386521928,0.2,0.006749281301429615
C 순위 회귀(종가),2026-08-26,0.0579609375,0.0579609375,0.2,0.0029536984139328535
C 순위 회귀(종가),2026-08-27,0.002777021028946349,-0.00012139028428337188,0.0,0.007706284692566565
C 순위 회귀(종가),2026-08-28,0.007946176394832884,0.00028512590153480146,0.0,-0.0006009351556345746
C 순위 회귀(종가),2026-08-31,-0.0018071692994871863,-0.002398177123735377,0.0,-0.0003478407511406818
C 순위 회귀(종가),2026-09-01,5.755064584174376e-05,-0.0006765288143165886,0.0,-0.015718314960223412
C 순위 회귀(종가),2026-09-02,-0.0016161228406909682,0.003315575001662553,0.0,-0.004915802406736418
C 순위 회귀(종가),2026-09-03,0.005908410716929094,0.010193800879656958,0.2,0.011999833795368647
C 순위 회귀(종가),2026-09-04,-0.0030614177307406436,-0.002712796707421992,0.0,0.004300609310247147
C 순위 회귀(종가),2026-09-07,-0.005934622657569364,-0.0009786847072281706,0.0,-0.006102842992780181
C 순위 회귀(종가),2026-09-08,-0.010098778238470605,0.0010122949366429008,0.0,0.007828174763127114
C 순위 회귀(종가),2026-09-09,-0.018828659076160693,0.003586170105071897,0.0,0.002461369731246621
C 순위 회귀(종가),2026-09-10,-0.003969723560518344,-0.01405436473673882,0.0,-0.0019819699852755466
C 순위 회귀(종가),2026-09-11,-0.005338010933006741,0.0022902804664817885,0.0,-0.004670009701764257
C 순위 회귀(종가),2026-09-14,0.0017221196056294704,0.022079610380765467,0.2,0.003976948669543348
C 순위 회귀(종가),2026-09-15,-0.06783796762292112,-0.019985546029981927,0.0,-0.002713700992198259
C 순위 회귀(종가),2026-09-16,0.015567763547006864,0.006474102360809765,0.2,0.008891865281096454
C 순위 회귀(종가),2026-09-17,0.00027550974000210187,0.006074390943803555,0.0,0.0025162803120201568
D 기대수익 회귀(시가),2025-09-23,-0.04565630128510636,-0.022598744556052132,0.0,-0.006252727102597201
D 기대수익 회귀(시가),2025-09-24,-0.0379434715846535,-0.0006380978838824696,0.0,-0.0036360801051098786
D 기대수익 회귀(시가),2025-09-25,-0.00035434040085104796,-0.009100795476953303,0.2,-0.016858713778334516
D 기대수익 회귀(시가),2025-09-26,-0.014897174787042953,0.008517351501580863,0.2,0.008802885681291226
D 기대수익 회귀(시가),2025-09-29,0.04634738786224442,0.005305510819101957,0.6,-0.005053533343822893
D 기대수익 회귀(시가),2025-09-30,0.01546308241044714,-0.0001851137200422387,0.4,0.001580783632815098
D 기대수익 회귀(시가),2025-10-01,-0.018756320638978675,-0.0005738766592422655,0.0,0.008284814376331048
D 기대수익 회귀(시가),2025-10-02,0.012286061476518253,0.03765024335897804,0.0,-0.0007703542292677141
D 기대수익 회귀(시가),2025-10-10,0.009621807221893298,-0.029035616050887093,0.4,-0.0018937989273522745
D 기대수익 회귀(시가),2025-10-13,-0.034134592586688495,0.03249120902611606,0.0,-0.007250577140105357
D 기대수익 회귀(시가),2025-10-14,0.01527508773285331,0.0007930261064078145,0.2,0.017062616444354854
D 기대수익 회귀(시가),2025-10-15,-0.005309941762950008,0.029927435937407917,0.0,-0.0003019172137646225
D 기대수익 회귀(시가),2025-10-16,0.01819530315719793,0.0250299936118263,0.4,-0.012114911808029045
D 기대수익 회귀(시가),2025-10-17,0.03246533187643432,0.01374794651527318,0.2,0.009262838773590172
D 기대수익 회귀(시가),2025-10-20,0.035433919671808776,0.0034418836533465468,0.2,-0.0012682869025218747
D 기대수익 회귀(시가),2025-10-21,-0.0004016847144978613,-0.0003929440863933635,0.2,0.006905344236150564
D 기대수익 회귀(시가),2025-10-22,-0.025812020774583465,0.001369862741068297,0.0,-0.004941012325172388
D 기대수익 회귀(시가),2025-10-23,-0.0023090591513980946,0.004483136263024369,0.0,0.004289314074105059
D 기대수익 회귀(시가),2025-10-24,-0.01552041635106882,0.02996348522311374,0.0,0.007128348581603042
D 기대수익 회귀(시가),2025-10-27,-0.025015648611335407,-0.006694434406282966,0.0,1.8151764101359103e-05
D 기대수익 회귀(시가),2025-10-28,0.029969434765640644,0.004258973434479187,0.2,-0.0031640377665198526
D 기대수익 회귀(시가),2025-10-29,-0.04171176813540696,-0.009637144624874038,0.0,-0.01424713789513162
D 기대수익 회귀(시가),2025-10-30,-0.011861441984057829,-0.016708884796107125,0.0,0.0013033138296274396
D 기대수익 회귀(시가),2025-10-31,0.03629333071876828,0.024607868557030524,0.2,-0.0026758230249281523
D 기대수익 회귀(시가),2025-11-03,0.0007214999537529482,-0.005527703399418014,0.2,0.0006045783586035873
D 기대수익 회귀(시가),2025-11-04,-0.02723497374202786,-0.0002185418904417462,0.0,-0.015520584719916585
D 기대수익 회귀(시가),2025-11-05,-0.005602673709919823,-0.0004302944003037527,0.2,0.004973731233142442
D 기대수익 회귀(시가),2025-11-06,-0.052292936244980326,-0.007971188424091256,0.0,-0.015354967154933166
D 기대수익 회귀(시가),2025-11-07,0.02450169472420332,-0.008738486102535668,0.2,0.019697613655814617
D 기대수익 회귀(시가),2025-11-10,-0.01869268709956888,-0.0029746903793175664,0.0,-0.00397707681789068
D 기대수익 회귀(시가),2025-11-11,0.002885038928740504,0.0016948709122587965,0.2,0.017606587693800132
D 기대수익 회귀(시가),2025-11-12,0.009982544009254003,-0.0015333228401881876,0.2,0.003967632485517005
D 기대수익 회귀(시가),2025-11-13,-0.04199655522094268,-0.013669869655274745,0.0,-0.016047931288087854
D 기대수익 회귀(시가),2025-11-14,0.010527083802372729,0.007293312735254421,0.2,-0.0007401167480868981
D 기대수익 회귀(시가),2025-11-17,-0.06045851147804071,-0.016516381386443665,0.0,-0.023129159003276327
D 기대수익 회귀(시가),2025-11-18,-0.01694021413608435,0.0012543594568445353,0.0,-0.0017853597364144763
D 기대수익 회귀(시가),2025-11-19,0.02200274139560756,0.0003188674371518612,0.4,0.016345983629791224
D 기대수익 회귀(시가),2025-11-20,-0.03434045411772402,-0.03470688566330191,0.0,-0.019824802165978945
D 기대수익 회귀(시가),2025-11-21,-0.004524780255128567,0.006825604502471407,0.0,-0.0049997316223542665
D 기대수익 회귀(시가),2025-11-24,-0.03317410166028421,-0.0049764120176775326,0.0,-0.000522903954275292
D 기대수익 회귀(시가),2025-11-25,-0.002857197708455848,0.016788864296603867,0.0,0.01611877738553089
D 기대수익 회귀(시가),2025-11-26,0.1211948900021604,-0.03288827899631492,0.6,0.0022187873277557855
D 기대수익 회귀(시가),2025-11-27,-0.0057091919960261285,-0.005952869586657415,0.0,0.017472467974002936
D 기대수익 회귀(시가),2025-11-28,0.04597497321151271,0.021173128021563063,0.4,0.0026332943664510848
D 기대수익 회귀(시가),2025-12-01,0.09078365902860504,0.03157983840213265,0.4,0.008912689851540808
D 기대수익 회귀(시가),2025-12-02,0.0074558844181176875,-0.0036023215646276067,0.0,0.009148843277657085
D 기대수익 회귀(시가),2025-12-03,0.048465163597289605,0.019913587428994607,0.4,-0.004139209763353787
D 기대수익 회귀(시가),2025-12-04,-0.02416813686414576,-0.00013454834855508406,0.0,0.005411893391427193
D 기대수익 회귀(시가),2025-12-05,-0.0389323454389511,0.01713798086632517,0.2,-0.0007447062950423365
D 기대수익 회귀(시가),2025-12-08,0.04392529162294652,0.008797609261390794,0.2,0.0006129231603835658
D 기대수익 회귀(시가),2025-12-09,0.030330212387055376,0.004741803062107299,0.2,-0.0012763537993222265
D 기대수익 회귀(시가),2025-12-10,0.005199544139944325,0.01482409543968457,0.4,0.007293687222336325
D 기대수익 회귀(시가),2025-12-11,0.060441437629608366,0.019232990388278373,0.6,0.00778571465375253
D 기대수익 회귀(시가),2025-12-12,0.08192498782394235,0.02719271219882065,0.4,-0.0009569545641712257
D 기대수익 회귀(시가),2025-12-15,-0.060964255673024124,-0.015973304031293288,0.0,-0.014568212035567423
D 기대수익 회귀(시가),2025-12-16,0.07715713886661808,0.06877172852155126,0.2,0.002273339978855565
D 기대수익 회귀(시가),2025-12-17,0.05858426885926047,-0.008170618698025931,0.4,-0.008117156333645143
D 기대수익 회귀(시가),2025-12-18,-0.02267551668128718,0.03892675506011467,0.2,0.009089043028248905
D 기대수익 회귀(시가),2025-12-19,0.08551518993743727,0.048648618685734245,0.6,0.010442822715450743
D 기대수익 회귀(시가),2025-12-22,-0.046427617914242346,0.018458905310939876,0.0,-0.010651140201431576
D 기대수익 회귀(시가),2025-12-23,-0.03629679407598267,0.010237396472304107,0.0,-0.002138594713944797
D 기대수익 회귀(시가),2025-12-24,-0.004578976859594051,-0.00478663850721923,0.4,-0.0021580343436831398
D 기대수익 회귀(시가),2025-12-26,0.017539122400055174,-0.008276881405196777,0.4,0.002436036826949092
D 기대수익 회귀(시가),2025-12-29,0.00487744556268075,0.03332986332470591,0.2,-0.002666993088997138
D 기대수익 회귀(시가),2025-12-30,0.008804014282403051,-0.0019208946999524229,0.2,0.012888063886838849
D 기대수익 회귀(시가),2026-01-02,-0.03116951808444777,-0.005406097360282434,0.0,0.00521121590443454
D 기대수익 회귀(시가),2026-01-05,-0.040494440893225625,0.0041322370191512435,0.0,-0.002312397576519492
D 기대수익 회귀(시가),2026-01-06,-0.007575648909166375,0.022002890916197386,0.2,-0.009692672852539708
D 기대수익 회귀(시가),2026-01-07,-0.019372004392663886,0.0037749175183382742,0.0,-0.011856017289048691
D 기대수익 회귀(시가),2026-01-08,-0.0022576044251202835,-0.009695922002267585,0.0,0.006852388642701354
D 기대수익 회귀(시가),2026-01-09,0.037457316327206544,0.007985803457231168,0.4,0.007682894811189679
D 기대수익 회귀(시가),2026-01-12,0.0030598508460910855,-0.0003399708434651521,0.0,0.0020583952588151583
D 기대수익 회귀(시가),2026-01-13,0.01389272749241575,-0.003712075569825844,0.2,0.0011510453699976888
D 기대수익 회귀(시가),2026-01-14,-0.00040023893310059226,-0.01468775480909019,0.0,0.005803622333049741
D 기대수익 회귀(시가),2026-01-15,-0.023896911893143954,0.010969490617869516,0.0,-0.0019465062566005444
D 기대수익 회귀(시가),2026-01-16,-0.0345678647164747,-0.006953398505171092,0.2,0.007795040695926287
D 기대수익 회귀(시가),2026-01-19,0.020409040266110588,0.022267572132190286,0.4,0.012191009246429723
D 기대수익 회귀(시가),2026-01-20,0.0010815496184084523,-0.01957608810048206,0.0,-0.010083756311329151
D 기대수익 회귀(시가),2026-01-21,0.05272024889074021,0.020627051579532422,0.4,0.0093261631470699
D 기대수익 회귀(시가),2026-01-22,-0.08925982155647869,0.03183253956576644,0.0,0.013321615386327968
D 기대수익 회귀(시가),2026-01-23,-0.03398071241647922,-0.0444817647267514,0.2,0.01716252165393167
D 기대수익 회귀(시가),2026-01-26,0.03606481142237712,-0.027926435142815807,0.4,0.005588143001502318
D 기대수익 회귀(시가),2026-01-27,0.12268249729519087,0.00843310672824287,0.8,0.01033167111891521
D 기대수익 회귀(시가),2026-01-28,0.021173481757822875,0.01604119800686426,0.2,0.011375606063629855
D 기대수익 회귀(시가),2026-01-29,-0.02882697148990441,0.004739300553091065,0.0,-0.006539402331521364
D 기대수익 회귀(시가),2026-01-30,-0.027983701068073817,-0.03635586265438724,0.0,-0.02404742692871909
D 기대수익 회귀(시가),2026-02-02,0.07368832721204503,0.03194072087676627,0.6,0.028496302481451852
D 기대수익 회귀(시가),2026-02-03,0.031118998887425794,0.008096956068951335,0.2,0.013912127499581805
D 기대수익 회귀(시가),2026-02-04,-0.02853199177496961,-0.0053992072919016405,0.2,-0.013782295722088974
D 기대수익 회귀(시가),2026-02-05,0.028479802148327064,0.028877024207229422,0.4,-0.011694460439660458
D 기대수익 회귀(시가),2026-02-06,0.03474406806779564,0.02447390719567122,0.2,0.023987251223402374
D 기대수익 회귀(시가),2026-02-09,-0.003981736264281375,-0.003331337421285039,0.2,0.007976846491269304
D 기대수익 회귀(시가),2026-02-10,0.02166446837411378,0.006416454101094418,0.2,0.00359333797289531
D 기대수익 회귀(시가),2026-02-11,-0.002984849571721158,0.012998117018742962,0.2,0.006921239118416125
D 기대수익 회귀(시가),2026-02-12,-0.05863778849529953,-0.012643109813792618,0.2,-0.011204442548796417
D 기대수익 회귀(시가),2026-02-13,0.09809418280274969,0.05357531565484312,0.6,0.016971612679750992
D 기대수익 회귀(시가),2026-02-19,-0.016874074406142168,0.08309726210871346,0.0,0.001987813448514803
D 기대수익 회귀(시가),2026-02-20,0.02502761125157036,0.008637722883569855,0.2,0.0077092901298403925
D 기대수익 회귀(시가),2026-02-23,0.020017220240725074,-0.000756160844288221,0.2,0.007053189406763202
D 기대수익 회귀(시가),2026-02-24,-0.041875500017057,-0.012518696790079773,0.0,0.0017298403220100545
D 기대수익 회귀(시가),2026-02-25,0.020108979915206972,-0.0008934144303569963,0.2,-0.00943296350150812
D 기대수익 회귀(시가),2026-02-26,0.0006895523852416892,-0.015276455117887354,0.2,-0.008013933965764691
D 기대수익 회귀(시가),2026-02-27,-0.12222721629721638,-0.026396271132250203,0.0,-0.03596802968408198
D 기대수익 회귀(시가),2026-03-03,-0.10127099751889386,-0.044450333252714344,0.0,-0.10464300801656874
D 기대수익 회귀(시가),2026-03-04,0.10281405290448165,0.07892904978303586,0.8,0.08239836029546035
D 기대수익 회귀(시가),2026-03-05,-0.07706601483620483,0.0710718845426758,0.2,0.01594315956975061
D 기대수익 회귀(시가),2026-03-06,-0.014796722200303234,-0.046060417666221064,0.0,-0.04012733759971603
D 기대수익 회귀(시가),2026-03-09,0.043278540484123294,0.04650698187397251,0.4,0.028924277561923725
D 기대수익 회귀(시가),2026-03-10,0.021698173177982574,0.04270460698240393,0.2,0.016676546647630245
D 기대수익 회귀(시가),2026-03-11,0.01637331123382004,-0.011423533956831287,0.2,0.009845866881188995
D 기대수익 회귀(시가),2026-03-12,-0.031917581115509464,-0.025369905576685878,0.0,0.0028258749569189633
D 기대수익 회귀(시가),2026-03-13,0.00431599172760573,0.008786968286502451,0.2,-0.006457369871616358
D 기대수익 회귀(시가),2026-03-16,-0.015154705114504473,0.002431357001686509,0.0,0.006118461810000766
D 기대수익 회귀(시가),2026-03-17,-0.048460158856829194,-0.011568293806872186,0.2,0.011118683250705811
D 기대수익 회귀(시가),2026-03-18,0.03242819180384373,0.010859737017135543,0.8,-0.010198933454685234
D 기대수익 회귀(시가),2026-03-19,0.0474159369707071,0.009957870223953337,0.2,0.01927552494531475
D 기대수익 회귀(시가),2026-03-20,0.04994420593805238,0.011928014863057326,0.4,-0.03666627905008643
D 기대수익 회귀(시가),2026-03-23,0.02143444021886265,0.044509996324874915,0.2,0.015245341765609622
D 기대수익 회귀(시가),2026-03-24,0.10851179310943834,0.01840860686430308,0.4,0.02197130913637473
D 기대수익 회귀(시가),2026-03-25,-0.016889572824835473,0.0035682379120287617,0.0,-0.014021170329409147
D 기대수익 회귀(시가),2026-03-26,0.045175828582249423,-0.013831618605174787,0.2,0.003698981480592674
D 기대수익 회귀(시가),2026-03-27,-0.04557258170678043,-0.05318113179007089,0.0,-0.01705941041807275
D 기대수익 회귀(시가),2026-03-30,-0.024671727319959633,-0.024763985132361506,0.0,-0.02409352199195526
D 기대수익 회귀(시가),2026-03-31,0.08757868817329517,0.0876663238699443,1.0,0.04226281568650958
D 기대수익 회귀(시가),2026-04-01,-0.07231131474962157,0.006326647234295482,0.0,-0.035082568953816326
D 기대수익 회귀(시가),2026-04-02,0.06709210585706109,0.07120172632828892,0.4,0.013862106937985392
D 기대수익 회귀(시가),2026-04-03,0.012155246582446934,0.03732074134386269,0.2,-0.005428605541528376
D 기대수익 회귀(시가),2026-04-06,-0.03429818605752157,-0.006413814337763622,0.0,-0.007406231186924282
D 기대수익 회귀(시가),2026-04-07,0.01473906920028665,-0.026051510919872567,0.4,0.03407843133813905
D 기대수익 회귀(시가),2026-04-08,0.09013403451299026,0.08941992962759823,0.4,-0.004668265781289443
D 기대수익 회귀(시가),2026-04-09,0.027066954677587463,0.05350677823384196,0.4,0.02138694637235902
D 기대수익 회귀(시가),2026-04-10,0.049375269500755145,0.02220911135958508,0.4,0.0054023976071060804
D 기대수익 회귀(시가),2026-04-13,-0.015837424208041437,0.02729123305731545,0.0,0.018828320249888127
D 기대수익 회귀(시가),2026-04-14,0.047490554381653304,0.01376438586049056,0.2,0.014653569407904157
D 기대수익 회귀(시가),2026-04-15,-0.060594105707955113,0.046435275131233286,0.0,0.013315431992581745
D 기대수익 회귀(시가),2026-04-16,-0.037508527564274495,-0.05729563220434504,0.0,0.006387173149283024
D 기대수익 회귀(시가),2026-04-17,0.0010687877963892383,0.005465888691294498,0.0,0.0019504173551320243
D 기대수익 회귀(시가),2026-04-20,-0.04605250440883964,-0.005007998533768141,0.0,0.0007284017659212403
D 기대수익 회귀(시가),2026-04-21,-0.010862254069901621,0.0192487378370952,0.2,0.0034294937406400008
D 기대수익 회귀(시가),2026-04-22,-0.04107009874166634,1.9315321219439286e-05,0.0,-0.0044523662432706754
D 기대수익 회귀(시가),2026-04-23,0.04332422125096238,0.004290088707612607,0.4,0.014604152042506069
D 기대수익 회귀(시가),2026-04-24,0.029262820214231808,-0.0010457886012164002,0.2,0.010330856222138286
D 기대수익 회귀(시가),2026-04-27,-0.002553067999464818,0.06098713508288241,0.2,-0.0015671520359744218
D 기대수익 회귀(시가),2026-04-28,0.0346681296236047,-0.0005740201276952278,0.2,0.005762412713831782
D 기대수익 회귀(시가),2026-04-29,-0.002318650270740295,0.02140805927783209,0.2,-0.010104630631864875
D 기대수익 회귀(시가),2026-04-30,-0.03294954475327403,0.02204306434146082,0.2,0.006614612431200443
D 기대수익 회귀(시가),2026-05-04,-0.008287250907832975,-0.010249408268469271,0.2,-0.010322708103875368
D 기대수익 회귀(시가),2026-05-06,-0.0050726660698730865,-0.008818739859835764,0.0,-0.00830496863288065
D 기대수익 회귀(시가),2026-05-07,0.016909182460040653,0.016239113682061122,0.4,0.0026197802557723034
D 기대수익 회귀(시가),2026-05-08,0.0029322703457409297,0.03487453427916389,0.4,-0.012162217583858732
D 기대수익 회귀(시가),2026-05-11,-0.06809436397528112,-0.015454012510074564,0.0,-0.01920275939708321
D 기대수익 회귀(시가),2026-05-12,-0.017706282648973337,-0.0029526044249220435,0.0,-0.000805286189809613
D 기대수익 회귀(시가),2026-05-13,0.0043170261288936656,-0.019073886618047986,0.0,0.008417189372093938
D 기대수익 회귀(시가),2026-05-14,-0.07873036915281861,-0.004161934820296118,0.0,-0.029883010012333417
D 기대수익 회귀(시가),2026-05-15,-0.04021881437311026,-0.013785460319997299,0.0,-0.014895905251398764
D 기대수익 회귀(시가),2026-05-18,-0.03162808408398521,-0.010117734561787304,0.0,-0.014965300405597235
D 기대수익 회귀(시가),2026-05-19,-0.014602095462395569,0.006503973208894932,0.0,-0.02361581816943006
D 기대수익 회귀(시가),2026-05-20,0.049401019188125825,0.031958851664006825,0.4,0.02096484600076034
D 기대수익 회귀(시가),2026-05-21,0.061828439486914966,0.019457599779297154,0.4,0.030975093769322334
D 기대수익 회귀(시가),2026-05-22,0.0661895973957137,0.02325338320723489,0.4,-0.004716487208313951
D 기대수익 회귀(시가),2026-05-26,-0.053536643026004735,0.028496453900709227,0.0,-0.03251050089770355
D 기대수익 회귀(시가),2026-05-27,-0.03659195997239475,-0.009749999999999991,0.0,-0.016762652677006946
D 기대수익 회귀(시가),2026-05-28,-0.10334846197475196,0.03032738453009616,0.0,-0.021833617546767242
D 기대수익 회귀(시가),2026-05-29,-0.02385496494398158,-0.004210186972950434,0.0,-0.029509793572078575
D 기대수익 회귀(시가),2026-06-01,-0.06650610418201224,-0.0665248971382735,0.0,-0.015114430800020761
D 기대수익 회귀(시가),2026-06-02,0.05963223054126847,0.02169215130036939,0.6,0.0031906582764590742
D 기대수익 회귀(시가),2026-06-04,-0.02949193922998465,-0.04769520338736812,0.2,-0.019262165206061083
D 기대수익 회귀(시가),2026-06-05,-0.10732164282818217,-0.09962004486265867,0.0,-0.05849992291446675
D 기대수익 회귀(시가),2026-06-08,0.05813228325380102,0.033709445639261613,0.2,0.03599414606553469
D 기대수익 회귀(시가),2026-06-09,-0.0036233766233766157,0.0041688311688311795,0.0,-0.009522275260998357
D 기대수익 회귀(시가),2026-06-10,-0.004350654388189199,-0.04261486714633478,0.0,0.018022730263406447
D 기대수익 회귀(시가),2026-06-11,0.022518645289245853,0.04607535601273725,0.2,0.025346898493355297
D 기대수익 회귀(시가),2026-06-12,0.01305899754922102,0.007416405234129144,0.2,0.011087946516131804
D 기대수익 회귀(시가),2026-06-15,-0.028747151704688396,0.003926029341121986,0.0,0.0012298867444258236
D 기대수익 회귀(시가),2026-06-16,-0.019021276595744686,-0.0024255319148936065,0.0,0.004534957721614808
D 기대수익 회귀(시가),2026-06-17,-0.006190919674039573,-0.002,0.0,-0.024665286114912276
D 기대수익 회귀(시가),2026-06-18,-0.020518518518518512,0.011529231711049893,0.0,-0.028763625245219724
D 기대수익 회귀(시가),2026-06-19,0.053680557668978945,0.03263380292694244,0.2,-0.017618708566267675
D 기대수익 회귀(시가),2026-06-22,-0.09359309636591237,-0.015066663699262371,0.0,-0.05206498089526969
D 기대수익 회귀(시가),2026-06-23,-0.036297353416953546,-0.009761631135430559,0.0,0.0061269791777162335
D 기대수익 회귀(시가),2026-06-24,-0.08667204809429005,0.06664881251398098,0.0,-0.017240185888201864
D 기대수익 회귀(시가),2026-06-25,-0.005083999010250693,-0.0035764094386147678,0.2,-0.03292586680749044
D 기대수익 회귀(시가),2026-06-26,0.04093597722253346,-0.010802404252274697,0.4,0.06400172537393169
D 기대수익 회귀(시가),2026-06-29,-0.014816466484031164,-0.009011952191235049,0.0,-0.005358953284990833
D 기대수익 회귀(시가),2026-06-30,0.07298113061995595,-0.004135244198841257,0.4,0.02033367603613547
D 기대수익 회귀(시가),2026-07-01,-0.028555452772689782,-0.00702606794287801,0.0,-0.02795732925207157
D 기대수익 회귀(시가),2026-07-02,0.06096255901152463,0.0010455343086228659,0.6,0.01049972491330367
D 기대수익 회귀(시가),2026-07-03,0.008468928173276003,0.0030611031480596755,0.2,-0.000937919491281282
D 기대수익 회귀(시가),2026-07-06,-0.0570725853691532,0.02873449310400169,0.0,-0.012375791554951773
D 기대수익 회귀(시가),2026-07-07,-0.05975683839208261,-0.03233777284895321,0.0,-0.02919733867800062
D 기대수익 회귀(시가),2026-07-08,0.034399146260838044,0.02831840437014823,0.4,-0.0029472459326213155
D 기대수익 회귀(시가),2026-07-09,0.03574287364646826,-0.000549109930242973,0.2,0.03984489588023255
D 기대수익 회귀(시가),2026-07-10,0.0002396416573348342,-0.004463605823068304,0.0,-0.031201435186274284
D 기대수익 회귀(시가),2026-07-13,0.018348329102928274,-0.014760217256701645,0.2,-0.013059121698433127
D 기대수익 회귀(시가),2026-07-14,-0.002,8.768267223380373e-05,0.0,0.03399544741141964
D 기대수익 회귀(시가),2026-07-15,-0.007066079295154191,-0.002,0.0,-0.012800638612849035
D 기대수익 회귀(시가),2026-07-16,-0.09427599956423863,-0.044620442275574754,0.0,-0.03315342329125937
D 기대수익 회귀(시가),2026-07-20,0.022448338752671916,-0.0031769409098668195,0.2,0.005469198461493379
D 기대수익 회귀(시가),2026-07-21,-0.04566633514803069,-0.04269908565322909,0.0,0.003009151478759259
D 기대수익 회귀(시가),2026-07-22,-0.00628511944834673,0.0029240970841294643,0.0,0.03453916623605978
D 기대수익 회귀(시가),2026-07-23,-0.07376965129523194,-0.010906767238317893,0.0,-0.02010886807842323
D 기대수익 회귀(시가),2026-07-24,0.019042655901811978,0.02142140634589771,0.0,0.005294325333189496
D 기대수익 회귀(시가),2026-07-27,-0.10169609616169488,-0.03855007482609818,0.0,-0.04783581112632247
D 기대수익 회귀(시가),2026-07-28,-0.09854584345525641,0.00032400658419762425,0.0,-0.0484234635806065
D 기대수익 회귀(시가),2026-07-29,-0.06214679673580288,-0.024438150210453966,0.0,-0.000751411558804363
D 기대수익 회귀(시가),2026-07-30,0.14010899536020177,0.07827765716664699,0.8,0.06322844565118081
D 기대수익 회귀(시가),2026-07-31,-0.074804793780889,-0.04743948535872924,0.0,0.012035879854206373
D 기대수익 회귀(시가),2026-08-03,0.05204518002698064,0.022556631181489054,0.6,0.03666091806808342
D 기대수익 회귀(시가),2026-08-04,0.022277682543268784,-0.0034782196788178494,0.2,0.02188087927723211
D 기대수익 회귀(시가),2026-08-05,-0.02429076760766089,-0.017667705599910752,0.2,0.0010782543195977951
D 기대수익 회귀(시가),2026-08-06,-0.016001102434276746,-0.0026241276043557065,0.2,0.0026556227313617514
D 기대수익 회귀(시가),2026-08-07,0.020576566703275234,-0.00028532923593202865,0.2,0.030761346757757244
D 기대수익 회귀(시가),2026-08-10,0.07581206384837047,0.02476564702613846,0.6,0.010317286938520201
D 기대수익 회귀(시가),2026-08-11,0.02872301721583588,-0.0016533818832712194,0.2,0.002862572501223648
D 기대수익 회귀(시가),2026-08-12,-0.02421979754738479,-0.0002169511305833299,0.2,-0.0024088648267553345
D 기대수익 회귀(시가),2026-08-13,-0.011707663327226456,-0.0034106409930126464,0.2,0.00794886664720665
D 기대수익 회귀(시가),2026-08-14,0.006718747789737403,0.015297835659520012,0.2,-0.020904235400924905
D 기대수익 회귀(시가),2026-08-18,-0.01229964947971782,-0.003779632703953893,0.2,-0.014809237523857315
D 기대수익 회귀(시가),2026-08-19,0.04074794288428609,-0.011334930560544064,0.4,0.009598951089888662
D 기대수익 회귀(시가),2026-08-20,0.0060077044974905305,0.007125230326483557,0.2,-0.023096892096517347
D 기대수익 회귀(시가),2026-08-21,-0.006959504769796008,0.0008378864552137893,0.2,0.006929950405012065
D 기대수익 회귀(시가),2026-08-24,0.020207255677813986,-0.010219099341029757,0.2,0.014096873409892706
D 기대수익 회귀(시가),2026-08-25,-0.013341713137135856,0.007804917645825783,0.0,0.006749281301429615
D 기대수익 회귀(시가),2026-08-26,0.010636597018203789,0.008467884828349927,0.2,0.0029536984139328535
D 기대수익 회귀(시가),2026-08-27,-0.027276828156793866,0.00042404432436955655,0.0,0.007706284692566565
D 기대수익 회귀(시가),2026-08-28,0.013834035849476492,0.007050517662972801,0.2,-0.0006009351556345746
D 기대수익 회귀(시가),2026-08-31,-0.02384338184338184,-0.003758241758241752,0.0,-0.0003478407511406818
D 기대수익 회귀(시가),2026-09-01,-0.06349400938556586,-0.03923993619573427,0.0,-0.015718314960223412
D 기대수익 회귀(시가),2026-09-02,0.0022875074960561313,0.004081262307651336,0.0,-0.004915802406736418
D 기대수익 회귀(시가),2026-09-03,-0.024878471218991734,-0.004683994266970524,0.0,0.011999833795368647
D 기대수익 회귀(시가),2026-09-04,-0.012830521184851883,0.002257860624564791,0.0,0.004300609310247147
D 기대수익 회귀(시가),2026-09-07,-0.02273562979100336,-0.004409916022294833,0.0,-0.006102842992780181
D 기대수익 회귀(시가),2026-09-08,-0.02620663989999341,-0.011332289643892544,0.0,0.007828174763127114
D 기대수익 회귀(시가),2026-09-09,-0.039787867038177493,0.011042612886981119,0.0,0.002461369731246621
D 기대수익 회귀(시가),2026-09-10,-0.027041556663733264,-0.018620299471065117,0.0,-0.0019819699852755466
D 기대수익 회귀(시가),2026-09-11,-0.04405497792741107,-0.02340709190584493,0.0,-0.004670009701764257
D 기대수익 회귀(시가),2026-09-14,0.006481633138554634,0.005952464999534104,0.4,0.003976948669543348
D 기대수익 회귀(시가),2026-09-15,0.016136276313996216,-0.007327156311782821,0.2,-0.002713700992198259
D 기대수익 회귀(시가),2026-09-16,0.001663894111115762,-0.005431392127006316,0.0,0.008891865281096454
D 기대수익 회귀(시가),2026-09-17,-0.03707343971428512,-0.035608704242477265,0.0,0.0025162803120201568
E 상승확률(종가>+1%),2025-09-23,-0.118352357784272,-0.028679369936189955,0.0,-0.006252727102597201
E 상승확률(종가>+1%),2025-09-24,-0.016292238152911254,-0.005560176304568197,0.0,-0.0036360801051098786
E 상승확률(종가>+1%),2025-09-25,-0.013182890407083335,-0.010282222555541407,0.0,-0.016858713778334516
E 상승확률(종가>+1%),2025-09-26,0.0049922638762277555,-0.020181521597285652,0.0,0.008802885681291226
E 상승확률(종가>+1%),2025-09-29,-0.013007439641919104,-0.003759314208449836,0.2,-0.005053533343822893
E 상승확률(종가>+1%),2025-09-30,0.009469811311069344,0.010092068461773974,0.2,0.001580783632815098
E 상승확률(종가>+1%),2025-10-01,-0.0019836630875705403,0.027040376509809193,0.2,0.008284814376331048
E 상승확률(종가>+1%),2025-10-02,0.023730560445653026,0.03732626594806965,0.2,-0.0007703542292677141
E 상승확률(종가>+1%),2025-10-10,-0.02772187727430224,-0.017223087426652392,0.0,-0.0018937989273522745
E 상승확률(종가>+1%),2025-10-13,-0.01780535626350814,0.004707400635942639,0.0,-0.007250577140105357
E 상승확률(종가>+1%),2025-10-14,-0.015197759439795464,-0.00301219395846579,0.0,0.017062616444354854
E 상승확률(종가>+1%),2025-10-15,-0.006083589574073132,0.0017806255216771946,0.0,-0.0003019172137646225
E 상승확률(종가>+1%),2025-10-16,-0.015590293936869035,-3.394902295397002e-05,0.0,-0.012114911808029045
E 상승확률(종가>+1%),2025-10-17,-0.0019584575136385655,0.00019955176528801011,0.0,0.009262838773590172
E 상승확률(종가>+1%),2025-10-20,-0.009717587719366592,0.009581521827408037,0.0,-0.0012682869025218747
E 상승확률(종가>+1%),2025-10-21,0.049203618415609496,0.0018983238228152972,0.4,0.006905344236150564
E 상승확률(종가>+1%),2025-10-22,-0.01311531972585329,0.011601723398611232,0.2,-0.004941012325172388
E 상승확률(종가>+1%),2025-10-23,-0.02543000040844632,-0.025254869718619545,0.0,0.004289314074105059
E 상승확률(종가>+1%),2025-10-24,0.022386561177394924,0.010314540010108076,0.4,0.007128348581603042
E 상승확률(종가>+1%),2025-10-27,-0.02603950958570806,-0.006461133816975193,0.0,1.8151764101359103e-05
E 상승확률(종가>+1%),2025-10-28,0.002898061189773451,0.005552938362405626,0.2,-0.0031640377665198526
E 상승확률(종가>+1%),2025-10-29,-0.04127517880302074,-0.013442536864864206,0.0,-0.01424713789513162
E 상승확률(종가>+1%),2025-10-30,-0.01127539789594578,-0.011639327571497436,0.0,0.0013033138296274396
E 상승확률(종가>+1%),2025-10-31,-0.017189440222004058,-0.007492896390335811,0.2,-0.0026758230249281523
E 상승확률(종가>+1%),2025-11-03,0.031899152641131766,0.01924128908209586,0.4,0.0006045783586035873
E 상승확률(종가>+1%),2025-11-04,-0.02154701833383397,-0.0144294855819572,0.0,-0.015520584719916585
E 상승확률(종가>+1%),2025-11-05,-0.002217027303504791,0.012145171337838746,0.2,0.004973731233142442
E 상승확률(종가>+1%),2025-11-06,0.014606409587398407,-0.005560565587771025,0.2,-0.015354967154933166
E 상승확률(종가>+1%),2025-11-07,0.010295749913047915,-0.010398994458130638,0.2,0.019697613655814617
E 상승확률(종가>+1%),2025-11-10,-0.02639684235349575,-0.005204514096911448,0.0,-0.00397707681789068
E 상승확률(종가>+1%),2025-11-11,0.023535548909628237,-0.001586534726585918,0.2,0.017606587693800132
E 상승확률(종가>+1%),2025-11-12,0.005259484637972435,-0.004718955879166774,0.0,0.003967632485517005
E 상승확률(종가>+1%),2025-11-13,-0.02579584062876323,0.0053993583880775926,0.0,-0.016047931288087854
E 상승확률(종가>+1%),2025-11-14,0.0182872686081599,0.005159253236104024,0.2,-0.0007401167480868981
E 상승확률(종가>+1%),2025-11-17,-0.0010433939733075475,0.0017841120808638439,0.0,-0.023129159003276327
E 상승확률(종가>+1%),2025-11-18,-0.011466548038758372,0.0016972423595551307,0.0,-0.0017853597364144763
E 상승확률(종가>+1%),2025-11-19,0.04606080980174818,0.00864660964702251,0.2,0.016345983629791224
E 상승확률(종가>+1%),2025-11-20,0.005375538442098506,-0.0146594222034496,0.2,-0.019824802165978945
E 상승확률(종가>+1%),2025-11-21,0.004329092435404293,0.008592625518862687,0.2,-0.0049997316223542665
E 상승확률(종가>+1%),2025-11-24,-0.016063089073816903,-0.0016567469139404638,0.0,-0.000522903954275292
E 상승확률(종가>+1%),2025-11-25,0.02395190618620329,-0.0004938607639583853,0.4,0.01611877738553089
E 상승확률(종가>+1%),2025-11-26,0.008862606143924336,-0.001344678920430729,0.2,0.0022187873277557855
E 상승확률(종가>+1%),2025-11-27,0.004628344183050738,0.00409529120512251,0.0,0.017472467974002936
E 상승확률(종가>+1%),2025-11-28,0.00883915754703022,0.002799697253066326,0.0,0.0026332943664510848
E 상승확률(종가>+1%),2025-12-01,0.001969250777873712,0.01087742520471986,0.0,0.008912689851540808
E 상승확률(종가>+1%),2025-12-02,0.032145930413674396,0.0036441296478648705,0.4,0.009148843277657085
E 상승확률(종가>+1%),2025-12-03,0.027115726137911467,0.015358998847668006,0.4,-0.004139209763353787
E 상승확률(종가>+1%),2025-12-04,0.02553906245266631,-0.0011845155482201203,0.4,0.005411893391427193
E 상승확률(종가>+1%),2025-12-05,-0.0020004258743288464,-0.001764182994090933,0.0,-0.0007447062950423365
E 상승확률(종가>+1%),2025-12-08,0.016980141889126735,0.0005542592308906097,0.2,0.0006129231603835658
E 상승확률(종가>+1%),2025-12-09,-0.02144668470274371,-0.002679509877211637,0.0,-0.0012763537993222265
E 상승확률(종가>+1%),2025-12-10,0.04029836473090358,0.02806498330765326,0.2,0.007293687222336325
E 상승확률(종가>+1%),2025-12-11,0.05220968785156357,0.008361897355731698,0.2,0.00778571465375253
E 상승확률(종가>+1%),2025-12-12,0.03569970797954698,-0.008959196566980143,0.2,-0.0009569545641712257
E 상승확률(종가>+1%),2025-12-15,-0.05080334535005615,-0.005507174911518418,0.0,-0.014568212035567423
E 상승확률(종가>+1%),2025-12-16,0.018606035020728107,0.006403641921489013,0.2,0.002273339978855565
E 상승확률(종가>+1%),2025-12-17,-0.039753209240590205,-0.01825573976104295,0.0,-0.008117156333645143
E 상승확률(종가>+1%),2025-12-18,0.042575398488315576,0.007908509414361744,0.2,0.009089043028248905
E 상승확률(종가>+1%),2025-12-19,0.030293259492159906,0.014019773765642141,0.2,0.010442822715450743
E 상승확률(종가>+1%),2025-12-22,0.017285745271280885,-0.0041832504902997265,0.2,-0.010651140201431576
E 상승확률(종가>+1%),2025-12-23,-0.00895031208438679,0.0031206561132853155,0.0,-0.002138594713944797
E 상승확률(종가>+1%),2025-12-24,0.02046496654448273,0.0009443876069070507,0.2,-0.0021580343436831398
E 상승확률(종가>+1%),2025-12-26,-0.02754028167130875,0.001328505998877196,0.0,0.002436036826949092
E 상승확률(종가>+1%),2025-12-29,-0.015416342231642852,-0.004155138978668392,0.0,-0.002666993088997138
E 상승확률(종가>+1%),2025-12-30,0.06358081809724243,0.0026071212112691164,0.6,0.012888063886838849
E 상승확률(종가>+1%),2026-01-02,0.029224332730220272,0.013132764424627586,0.2,0.00521121590443454
E 상승확률(종가>+1%),2026-01-05,-0.017562323309858914,-0.0053364109451065934,0.0,-0.002312397576519492
E 상승확률(종가>+1%),2026-01-06,-0.04474883964179623,0.0016758768679334254,0.0,-0.009692672852539708
E 상승확률(종가>+1%),2026-01-07,-0.022753713445097176,-0.004780376584794397,0.0,-0.011856017289048691
E 상승확률(종가>+1%),2026-01-08,0.05432977022766137,0.006652051032896369,0.2,0.006852388642701354
E 상승확률(종가>+1%),2026-01-09,0.0002402670311755467,0.0036233699239834674,0.2,0.007682894811189679
E 상승확률(종가>+1%),2026-01-12,0.013167025357165853,0.006749664659163759,0.2,0.0020583952588151583
E 상승확률(종가>+1%),2026-01-13,0.00894207363410693,-0.0016096860664655192,0.2,0.0011510453699976888
E 상승확률(종가>+1%),2026-01-14,-0.001062083159916603,-0.003217373673665767,0.0,0.005803622333049741
E 상승확률(종가>+1%),2026-01-15,0.023310023225624033,0.02501027746871185,0.2,-0.0019465062566005444
E 상승확률(종가>+1%),2026-01-16,0.01942709490030954,0.005859134678619295,0.2,0.007795040695926287
E 상승확률(종가>+1%),2026-01-19,-0.0036764793013637203,0.0038053751083536834,0.0,0.012191009246429723
E 상승확률(종가>+1%),2026-01-20,-0.006794314834853109,-0.02235822024655338,0.2,-0.010083756311329151
E 상승확률(종가>+1%),2026-01-21,0.01659090126585392,0.019818869479643467,0.0,0.0093261631470699
E 상승확률(종가>+1%),2026-01-22,-0.002994910783596081,-3.94998795531158e-05,0.2,0.013321615386327968
E 상승확률(종가>+1%),2026-01-23,0.04589224816729691,0.013757206162481819,0.4,0.01716252165393167
E 상승확률(종가>+1%),2026-01-26,0.004801035403193456,-0.005374753735527092,0.0,0.005588143001502318
E 상승확률(종가>+1%),2026-01-27,0.05073691597417691,0.01111110619739444,0.8,0.01033167111891521
E 상승확률(종가>+1%),2026-01-28,0.07154822418414113,0.029749149694487234,0.4,0.011375606063629855
E 상승확률(종가>+1%),2026-01-29,-0.013596449083379645,-0.0066650504262758745,0.0,-0.006539402331521364
E 상승확률(종가>+1%),2026-01-30,-0.05744456509046172,-0.02518455235260892,0.0,-0.02404742692871909
E 상승확률(종가>+1%),2026-02-02,0.02799972756686462,0.01219200928790676,0.4,0.028496302481451852
E 상승확률(종가>+1%),2026-02-03,0.002114367964594234,0.012835429706916536,0.2,0.013912127499581805
E 상승확률(종가>+1%),2026-02-04,-0.015474618026616337,0.003715159543230164,0.0,-0.013782295722088974
E 상승확률(종가>+1%),2026-02-05,0.036932910268868226,-0.04996544624137145,0.4,-0.011694460439660458
E 상승확률(종가>+1%),2026-02-06,0.0212412659267327,0.016369044625395013,0.2,0.023987251223402374
E 상승확률(종가>+1%),2026-02-09,0.02419871781199641,-0.0008757328349420206,0.2,0.007976846491269304
E 상승확률(종가>+1%),2026-02-10,0.029002257119228284,0.004543733126607276,0.2,0.00359333797289531
E 상승확률(종가>+1%),2026-02-11,0.03925910028363964,-0.0020983143303759705,0.4,0.006921239118416125
E 상승확률(종가>+1%),2026-02-12,-0.04896551910882785,-0.014384910995437305,0.0,-0.011204442548796417
E 상승확률(종가>+1%),2026-02-13,-0.015694878610363068,-0.00351396294686128,0.2,0.016971612679750992
E 상승확률(종가>+1%),2026-02-19,0.019513001205482584,0.002768461903010168,0.0,0.001987813448514803
E 상승확률(종가>+1%),2026-02-20,0.031199550403743406,-0.0014090029290415346,0.2,0.0077092901298403925
E 상승확률(종가>+1%),2026-02-23,0.0877491312206398,0.0014387641118021282,0.6,0.007053189406763202
E 상승확률(종가>+1%),2026-02-24,-0.03298053960295864,-0.0036947276256008117,0.0,0.0017298403220100545
E 상승확률(종가>+1%),2026-02-25,-0.0314801110971427,0.0011963470319634535,0.2,-0.00943296350150812
E 상승확률(종가>+1%),2026-02-26,-0.01971499875127764,-0.006756432988922055,0.2,-0.008013933965764691
E 상승확률(종가>+1%),2026-02-27,-0.02365634053226002,0.010089219444291688,0.0,-0.03596802968408198
E 상승확률(종가>+1%),2026-03-03,-0.1326649265766913,-0.0334880174291939,0.0,-0.10464300801656874
E 상승확률(종가>+1%),2026-03-04,0.10590214905814102,0.026572843913258648,1.0,0.08239836029546035
E 상승확률(종가>+1%),2026-03-05,0.017082431747609574,0.007063708759954502,0.0,0.01594315956975061
E 상승확률(종가>+1%),2026-03-06,-0.07554797009523442,-0.04487363999561762,0.0,-0.04012733759971603
E 상승확률(종가>+1%),2026-03-09,0.04137983587910048,0.03197127965428672,0.4,0.028924277561923725
E 상승확률(종가>+1%),2026-03-10,-0.005805133564935015,-0.002043056685409737,0.0,0.016676546647630245
E 상승확률(종가>+1%),2026-03-11,-0.009178638350368404,-0.002173674874493113,0.0,0.009845866881188995
E 상승확률(종가>+1%),2026-03-12,-0.004292292025719478,-0.0078104134111148344,0.0,0.0028258749569189633
E 상승확률(종가>+1%),2026-03-13,-0.032021312947075616,0.0021254002965746662,0.0,-0.006457369871616358
E 상승확률(종가>+1%),2026-03-16,0.02399005996655295,0.0027830251168119453,0.2,0.006118461810000766
E 상승확률(종가>+1%),2026-03-17,0.03380731952126244,-0.003114175053037192,0.6,0.011118683250705811
E 상승확률(종가>+1%),2026-03-18,-0.04836941277459232,-0.011943908574565863,0.0,-0.010198933454685234
E 상승확률(종가>+1%),2026-03-19,0.00861668538185061,0.006348553919204749,0.0,0.01927552494531475
E 상승확률(종가>+1%),2026-03-20,-0.02701727351051235,-0.022540949245939898,0.0,-0.03666627905008643
E 상승확률(종가>+1%),2026-03-23,0.001313180224092349,-0.004089425690920565,0.2,0.015245341765609622
E 상승확률(종가>+1%),2026-03-24,0.04568031895222742,0.0058817380925916055,0.6,0.02197130913637473
E 상승확률(종가>+1%),2026-03-25,-0.03383425623827687,0.027168856455737432,0.0,-0.014021170329409147
E 상승확률(종가>+1%),2026-03-26,0.0028718078513387387,-0.02512378181135244,0.2,0.003698981480592674
E 상승확률(종가>+1%),2026-03-27,-0.0029114206267146095,-0.016198011097882745,0.2,-0.01705941041807275
E 상승확률(종가>+1%),2026-03-30,-0.032644890776987644,-0.020703528896708942,0.0,-0.02409352199195526
E 상승확률(종가>+1%),2026-03-31,0.13797187739953168,0.06213262567778921,0.8,0.04226281568650958
E 상승확률(종가>+1%),2026-04-01,-0.05797345660279198,0.015017963204964646,0.0,-0.035082568953816326
E 상승확률(종가>+1%),2026-04-02,-0.01887077027927031,0.013355925317741725,0.0,0.013862106937985392
E 상승확률(종가>+1%),2026-04-03,-0.005309958318025497,-0.005023983358499405,0.2,-0.005428605541528376
E 상승확률(종가>+1%),2026-04-06,-0.039358045232794736,-0.047783138175790316,0.0,-0.007406231186924282
E 상승확률(종가>+1%),2026-04-07,0.041926660698586284,0.0634681959918045,0.4,0.03407843133813905
E 상승확률(종가>+1%),2026-04-08,-0.020922836923248943,0.004411399918744754,0.0,-0.004668265781289443
E 상승확률(종가>+1%),2026-04-09,-0.0020961337528709193,0.00678150875393755,0.0,0.02138694637235902
E 상승확률(종가>+1%),2026-04-10,0.0318485051359368,-0.008224092428448303,0.4,0.0054023976071060804
E 상승확률(종가>+1%),2026-04-13,0.0061256360957318914,0.023789944166449195,0.2,0.018828320249888127
E 상승확률(종가>+1%),2026-04-14,0.0056707001076813385,0.006897771633469321,0.0,0.014653569407904157
E 상승확률(종가>+1%),2026-04-15,0.021613258906679582,0.016094691391857423,0.4,0.013315431992581745
E 상승확률(종가>+1%),2026-04-16,-0.04829735247777174,-0.006054142524947002,0.0,0.006387173149283024
E 상승확률(종가>+1%),2026-04-17,0.02217377567607224,0.010338523063223472,0.4,0.0019504173551320243
E 상승확률(종가>+1%),2026-04-20,-0.04062585806196191,0.007847831372095595,0.0,0.0007284017659212403
E 상승확률(종가>+1%),2026-04-21,-0.001208899799118888,-0.0035951022762351166,0.2,0.0034294937406400008
E 상승확률(종가>+1%),2026-04-22,-0.0013478266423441391,0.015285569168441615,0.2,-0.0044523662432706754
E 상승확률(종가>+1%),2026-04-23,0.026974866359381844,0.001912247443605632,0.2,0.014604152042506069
E 상승확률(종가>+1%),2026-04-24,0.08524789771504829,0.011177382886028034,0.6,0.010330856222138286
E 상승확률(종가>+1%),2026-04-27,-0.030632739338272617,0.0035802628607661388,0.0,-0.0015671520359744218
E 상승확률(종가>+1%),2026-04-28,0.008982052034374367,-0.009877602484939206,0.0,0.005762412713831782
E 상승확률(종가>+1%),2026-04-29,-0.045344751530657555,0.0016437766649124459,0.0,-0.010104630631864875
E 상승확률(종가>+1%),2026-04-30,0.0030383194927331453,0.019494447114392903,0.2,0.006614612431200443
E 상승확률(종가>+1%),2026-05-04,0.0073221422938502655,0.029133526697192873,0.4,-0.010322708103875368
E 상승확률(종가>+1%),2026-05-06,0.015988262974150284,-0.0005858876889750491,0.0,-0.00830496863288065
E 상승확률(종가>+1%),2026-05-07,0.01988784761501885,-0.0028969619555180496,0.2,0.0026197802557723034
E 상승확률(종가>+1%),2026-05-08,-0.024171155534532973,0.009124040173354466,0.0,-0.012162217583858732
E 상승확률(종가>+1%),2026-05-11,-0.029257294264508335,-0.0007596707597041768,0.2,-0.01920275939708321
E 상승확률(종가>+1%),2026-05-12,-0.015408421163542284,-0.004586748534116934,0.0,-0.000805286189809613
E 상승확률(종가>+1%),2026-05-13,-0.018946895286746646,-0.008922799747770459,0.0,0.008417189372093938
E 상승확률(종가>+1%),2026-05-14,-0.0653213077296106,0.004800217651753271,0.0,-0.029883010012333417
E 상승확률(종가>+1%),2026-05-15,-0.032188838922585485,-0.031155606697907352,0.0,-0.014895905251398764
E 상승확률(종가>+1%),2026-05-18,0.001174568520918619,0.016439513863885494,0.2,-0.014965300405597235
E 상승확률(종가>+1%),2026-05-19,-0.055087683425202164,-0.0006232902368856525,0.0,-0.02361581816943006
E 상승확률(종가>+1%),2026-05-20,-0.020963337306569782,-0.0037679789476199525,0.2,0.02096484600076034
E 상승확률(종가>+1%),2026-05-21,0.048490189600537414,0.005449373159423867,0.6,0.030975093769322334
E 상승확률(종가>+1%),2026-05-22,0.03611236121160695,0.023169066383421776,0.4,-0.004716487208313951
E 상승확률(종가>+1%),2026-05-26,-0.07247770227557546,0.004386130551962799,0.0,-0.03251050089770355
E 상승확률(종가>+1%),2026-05-27,-0.04146470823206605,0.01292334474103898,0.0,-0.016762652677006946
E 상승확률(종가>+1%),2026-05-28,-0.048262169068136365,0.0035090263176397202,0.0,-0.021833617546767242
E 상승확률(종가>+1%),2026-05-29,-0.05232558329871888,-0.023085573993800935,0.0,-0.029509793572078575
E 상승확률(종가>+1%),2026-06-01,-0.031038331684189235,-0.02187089284170944,0.0,-0.015114430800020761
E 상승확률(종가>+1%),2026-06-02,0.05557302007070852,0.008690801397228843,0.6,0.0031906582764590742
E 상승확률(종가>+1%),2026-06-04,-0.04015401520558841,-0.02345685630256049,0.0,-0.019262165206061083
E 상승확률(종가>+1%),2026-06-05,-0.04564143802327414,-0.08280313624720448,0.2,-0.05849992291446675
E 상승확률(종가>+1%),2026-06-08,0.05095463704533376,-0.004355547751103493,0.6,0.03599414606553469
E 상승확률(종가>+1%),2026-06-09,-0.028771180225542543,-0.01724132304023098,0.0,-0.009522275260998357
E 상승확률(종가>+1%),2026-06-10,0.050854092849548935,0.03012244484086022,0.6,0.018022730263406447
E 상승확률(종가>+1%),2026-06-11,0.02536242136710514,0.03657559489017106,0.2,0.025346898493355297
E 상승확률(종가>+1%),2026-06-12,0.03250242390262907,0.004527862754526015,0.4,0.011087946516131804
E 상승확률(종가>+1%),2026-06-15,0.03715654477709116,0.011982630800463802,0.2,0.0012298867444258236
E 상승확률(종가>+1%),2026-06-16,-0.006467164162419701,0.0035743491051528423,0.0,0.004534957721614808
E 상승확률(종가>+1%),2026-06-17,-0.03474668100977365,-0.003341879809727753,0.0,-0.024665286114912276
E 상승확률(종가>+1%),2026-06-18,-0.03639643568767337,-0.0006708561392234397,0.0,-0.028763625245219724
E 상승확률(종가>+1%),2026-06-19,0.019045170690659564,-0.02549451980984476,0.2,-0.017618708566267675
E 상승확률(종가>+1%),2026-06-22,-0.0775473042526125,-0.01102752015367636,0.2,-0.05206498089526969
E 상승확률(종가>+1%),2026-06-23,0.05339618518046267,0.001700886245368351,0.4,0.0061269791777162335
E 상승확률(종가>+1%),2026-06-24,-0.01596040981737543,0.02004286697689013,0.2,-0.017240185888201864
E 상승확률(종가>+1%),2026-06-25,-0.06173750403801324,-0.028528023523686198,0.0,-0.03292586680749044
E 상승확률(종가>+1%),2026-06-26,0.06676078891774218,-0.04689277329655037,0.6,0.06400172537393169
E 상승확률(종가>+1%),2026-06-29,0.00424061947203256,-0.013329021367674618,0.0,-0.005358953284990833
E 상승확률(종가>+1%),2026-06-30,0.006087147896939229,0.007186962390587583,0.0,0.02033367603613547
E 상승확률(종가>+1%),2026-07-01,-0.023243663767460496,-0.01959960757868446,0.0,-0.02795732925207157
E 상승확률(종가>+1%),2026-07-02,0.007976490440046271,0.0006528179014357446,0.4,0.01049972491330367
E 상승확률(종가>+1%),2026-07-03,0.013713282931976179,0.012562377992505038,0.2,-0.000937919491281282
E 상승확률(종가>+1%),2026-07-06,-0.020693826042349796,-0.024414614102593643,0.2,-0.012375791554951773
E 상승확률(종가>+1%),2026-07-07,-0.05260307561281796,-0.03186603291573624,0.0,-0.02919733867800062
E 상승확률(종가>+1%),2026-07-08,0.013485319075829663,-0.0037483994969508697,0.2,-0.0029472459326213155
E 상승확률(종가>+1%),2026-07-09,0.13164317152642377,0.04632787782430707,0.8,0.03984489588023255
E 상승확률(종가>+1%),2026-07-10,-0.029965593921064147,-0.0030023654642223657,0.0,-0.031201435186274284
E 상승확률(종가>+1%),2026-07-13,-0.04821792160242879,-0.014382698659525949,0.0,-0.013059121698433127
E 상승확률(종가>+1%),2026-07-14,0.055451855483996004,0.041071345539963965,0.8,0.03399544741141964
E 상승확률(종가>+1%),2026-07-15,-0.04752971242201964,-0.01860783701646191,0.0,-0.012800638612849035
E 상승확률(종가>+1%),2026-07-16,-0.07489221810187326,-0.053596103598606205,0.0,-0.03315342329125937
E 상승확률(종가>+1%),2026-07-20,0.010199264827095347,-0.005461271609482841,0.2,0.005469198461493379
E 상승확률(종가>+1%),2026-07-21,0.013432231219200542,0.012940546128039833,0.2,0.003009151478759259
E 상승확률(종가>+1%),2026-07-22,0.04230084188878456,0.013388851055109187,0.4,0.03453916623605978
E 상승확률(종가>+1%),2026-07-23,-0.02465914154026396,-0.008749862342246726,0.0,-0.02010886807842323
E 상승확률(종가>+1%),2026-07-24,0.01347171181113378,0.004198465931689467,0.2,0.005294325333189496
E 상승확률(종가>+1%),2026-07-27,-0.08095276102472533,-0.038324732254518955,0.0,-0.04783581112632247
E 상승확률(종가>+1%),2026-07-28,-0.12540093076528344,0.0033170557470173292,0.0,-0.0484234635806065
E 상승확률(종가>+1%),2026-07-29,-0.0063049682948764325,-0.07780516523810836,0.0,-0.000751411558804363
E 상승확률(종가>+1%),2026-07-30,0.1305478091308959,0.03977075339498777,0.8,0.06322844565118081
E 상승확률(종가>+1%),2026-07-31,-0.027209510673537204,-0.017933666726363026,0.0,0.012035879854206373
E 상승확률(종가>+1%),2026-08-03,0.04507254987645144,0.012307518747709502,0.4,0.03666091806808342
E 상승확률(종가>+1%),2026-08-04,-0.004174529786516799,0.0023393070799469853,0.0,0.02188087927723211
E 상승확률(종가>+1%),2026-08-05,0.03329651537106075,-0.009910114488707265,0.4,0.0010782543195977951
E 상승확률(종가>+1%),2026-08-06,0.02869369914006925,0.011727488655767695,0.2,0.0026556227313617514
E 상승확률(종가>+1%),2026-08-07,0.00551391578540066,0.0036139139685336793,0.2,0.030761346757757244
E 상승확률(종가>+1%),2026-08-10,0.01423676018773168,-0.007287888042821098,0.2,0.010317286938520201
E 상승확률(종가>+1%),2026-08-11,-0.01733953983188869,-0.007629693104399447,0.0,0.002862572501223648
E 상승확률(종가>+1%),2026-08-12,-0.01341889616349514,-0.0037397882008750145,0.0,-0.0024088648267553345
E 상승확률(종가>+1%),2026-08-13,-0.0015770971693136442,0.01045964168085254,0.0,0.00794886664720665
E 상승확률(종가>+1%),2026-08-14,-0.007531191729035201,0.0023424788569867093,0.0,-0.020904235400924905
E 상승확률(종가>+1%),2026-08-18,-0.022537407403467324,-0.02265283418210435,0.0,-0.014809237523857315
E 상승확률(종가>+1%),2026-08-19,0.016366474527027934,0.009855600397478216,0.0,0.009598951089888662
E 상승확률(종가>+1%),2026-08-20,-0.01690116485911832,-0.014165659468885504,0.2,-0.023096892096517347
E 상승확률(종가>+1%),2026-08-21,-0.018645988273751725,0.003159623294744309,0.0,0.006929950405012065
E 상승확률(종가>+1%),2026-08-24,0.004880529704915594,-0.010798157461345268,0.2,0.014096873409892706
E 상승확률(종가>+1%),2026-08-25,-0.005112591361660022,0.0022170813103617364,0.0,0.006749281301429615
E 상승확률(종가>+1%),2026-08-26,0.042117813648658256,-3.507512477780427e-05,0.4,0.0029536984139328535
E 상승확률(종가>+1%),2026-08-27,0.08183618451064785,0.003747149737624224,0.4,0.007706284692566565
E 상승확률(종가>+1%),2026-08-28,0.015092219850357426,-0.007475091309044666,0.2,-0.0006009351556345746
E 상승확률(종가>+1%),2026-08-31,-0.03043732517738138,-0.04543258635448082,0.2,-0.0003478407511406818
E 상승확률(종가>+1%),2026-09-01,-0.004819921595174924,-0.03445821678793315,0.0,-0.015718314960223412
E 상승확률(종가>+1%),2026-09-02,-0.01658858402831462,0.008313642169717108,0.0,-0.004915802406736418
E 상승확률(종가>+1%),2026-09-03,0.027685824529151602,0.022200604559084285,0.4,0.011999833795368647
E 상승확률(종가>+1%),2026-09-04,0.025523038111791685,0.010089111978482902,0.2,0.004300609310247147
E 상승확률(종가>+1%),2026-09-07,0.016519643482247437,-0.002398117861869696,0.2,-0.006102842992780181
E 상승확률(종가>+1%),2026-09-08,-0.0009147467605862031,0.004490003643429975,0.0,0.007828174763127114
E 상승확률(종가>+1%),2026-09-09,-0.013189377626819463,0.013098832610711854,0.2,0.002461369731246621
E 상승확률(종가>+1%),2026-09-10,-0.023050249490100615,-0.010632689270987148,0.0,-0.0019819699852755466
E 상승확률(종가>+1%),2026-09-11,-0.01901356863523966,-0.01660028136200966,0.0,-0.004670009701764257
E 상승확률(종가>+1%),2026-09-14,0.03606807284044948,0.04361705164568561,0.4,0.003976948669543348
E 상승확률(종가>+1%),2026-09-15,-0.02338807814741952,-0.027717079580737478,0.2,-0.002713700992198259
E 상승확률(종가>+1%),2026-09-16,0.01440416965955067,-0.015583732750458455,0.2,0.008891865281096454
E 상승확률(종가>+1%),2026-09-17,-0.025876885223668065,-0.00025975859215558836,0.2,0.0025162803120201568
