date,open,high,low,close,volume,code
2026-09-22,283000.0,283500.0,271500.0,277500.0,17921107.0,005930
2026-09-22,1909000.0,1935000.0,1807000.0,1841000.0,3216122.0,000660
2026-09-22,215000.0,216000.0,207500.0,212500.0,5360642.0,005935
2026-09-22,1189000.0,1189000.0,1111000.0,1134000.0,585196.0,402340
2026-09-22,1491000.0,1548000.0,1452000.0,1489000.0,908255.0,009150
2026-09-22,358000.0,359500.0,348000.0,352000.0,259262.0,373220
2026-09-22,364000.0,370000.0,360000.0,362000.0,453930.0,005380
2026-09-22,1407000.0,1408000.0,1389000.0,1392000.0,29801.0,207940
2026-09-22,177700.0,178500.0,174700.0,176200.0,682016.0,105560
2026-09-22,382500.0,385500.0,361000.0,364500.0,266661.0,028260
2026-09-22,299500.0,304000.0,287000.0,290500.0,217843.0,032830
2026-09-22,87000.0,88100.0,85200.0,86600.0,3019059.0,034020
2026-09-22,1069000.0,1076000.0,1055000.0,1062000.0,90474.0,012450
2026-09-22,114100.0,114300.0,112200.0,112800.0,730685.0,055550
2026-09-22,453500.0,460000.0,448000.0,454000.0,153572.0,329180
2026-09-22,120600.0,122000.0,118200.0,119000.0,786788.0,000270
2026-09-22,539000.0,542000.0,526000.0,531000.0,209039.0,006400
2026-09-22,590000.0,594000.0,581000.0,588000.0,115181.0,034730
2026-09-22,181800.0,182200.0,178000.0,178300.0,336667.0,068270
2026-09-22,136000.0,136500.0,134200.0,135800.0,492364.0,086790
2026-09-22,211500.0,221000.0,209000.0,215000.0,1625088.0,066570
2026-09-22,377500.0,384500.0,371000.0,373500.0,268939.0,012330
2026-09-22,214000.0,218500.0,208000.0,211000.0,444006.0,010120
2026-09-22,201000.0,203500.0,200000.0,201000.0,494786.0,035420
2026-09-22,653000.0,657000.0,642000.0,652000.0,74675.0,000810
2026-09-22,2949000.0,3009000.0,2890000.0,2919000.0,34193.0,298040
2026-09-22,36600.0,36650.0,35550.0,35850.0,1470362.0,316140
2026-09-22,729000.0,738000.0,710000.0,715000.0,78931.0,267260
2026-09-22,320000.0,321500.0,316000.0,317500.0,169829.0,005490
2026-09-22,82600.0,83000.0,81400.0,82000.0,451411.0,042660
2026-09-22,341000.0,346000.0,338000.0,340500.0,132159.0,009540
2026-09-22,137800.0,142800.0,136500.0,141300.0,702566.0,096770
2026-09-22,1475000.0,1513000.0,1452000.0,1474000.0,88725.0,000150
2026-09-22,1147000.0,1147000.0,1106000.0,1116000.0,19155.0,010130
2026-09-22,243500.0,246500.0,235000.0,240500.0,539012.0,042700
2026-09-22,130400.0,130700.0,127300.0,128700.0,169345.0,138040
2026-09-22,21150.0,21250.0,20900.0,21200.0,385779.0,011200
2026-09-22,30950.0,31200.0,30700.0,30900.0,1159569.0,015760
2026-09-22,87600.0,89300.0,86500.0,87200.0,795394.0,017670
2026-09-22,173800.0,177700.0,169800.0,176300.0,368592.0,033780
2026-09-22,20800.0,20850.0,20500.0,20700.0,1641316.0,010140
2026-09-22,261000.0,261500.0,253500.0,256000.0,191258.0,051910
2026-09-22,32650.0,34750.0,32500.0,32850.0,1937846.0,006800
2026-09-22,113400.0,119200.0,113000.0,116200.0,253416.0,003550
2026-09-22,227500.0,229500.0,223000.0,225000.0,110426.0,018260
2026-09-22,147400.0,156900.0,147400.0,153200.0,437500.0,010950
2026-09-22,180100.0,190200.0,177500.0,186100.0,365081.0,003670
2026-09-22,209000.0,213000.0,205000.0,208500.0,142945.0,267250
2026-09-22,20150.0,20150.0,19970.0,20050.0,681609.0,024110
2026-09-22,728000.0,728000.0,702000.0,708000.0,63701.0,079550
2026-09-22,204000.0,208500.0,201500.0,202500.0,153696.0,086280
2026-09-22,33500.0,34600.0,33400.0,34250.0,1587572.0,035720
2026-09-22,130600.0,136100.0,125700.0,131800.0,1023754.0,000720
2026-09-22,76700.0,79000.0,75600.0,77600.0,440247.0,272210
2026-09-22,364500.0,367500.0,358000.0,362000.0,202998.0,278470
2026-09-22,53200.0,53800.0,52700.0,53200.0,232268.0,030200
2026-09-22,120000.0,120000.0,117100.0,118100.0,274170.0,064350
2026-09-22,538000.0,558000.0,531000.0,540000.0,224457.0,011070
2026-09-22,130200.0,131500.0,129300.0,130100.0,127573.0,047810
2026-09-22,188200.0,188900.0,182900.0,185100.0,141995.0,005830
2026-09-22,29250.0,31650.0,29150.0,31650.0,7326416.0,003490
2026-09-22,234500.0,244000.0,231000.0,242500.0,65220.0,443060
2026-09-22,370000.0,402000.0,370000.0,386000.0,125630.0,307950
2026-09-22,186500.0,193200.0,184600.0,185800.0,203353.0,071050
2026-09-22,331500.0,338000.0,317500.0,326500.0,116161.0,006260
2026-09-22,111800.0,113400.0,105300.0,109600.0,541775.0,078930
2026-09-22,52600.0,53200.0,50800.0,51300.0,1598565.0,028050
2026-09-22,57800.0,57800.0,56200.0,57100.0,492112.0,047050
2026-09-22,26600.0,26850.0,25950.0,26300.0,583599.0,005940
2026-09-22,333000.0,349500.0,315500.0,324000.0,423015.0,000500
2026-09-22,20300.0,20400.0,20050.0,20200.0,888978.0,323410
2026-09-22,1273000.0,1273000.0,1245000.0,1254000.0,55222.0,003230
2026-09-22,139200.0,143700.0,139000.0,141400.0,56425.0,180640
2026-09-22,202000.0,204000.0,200000.0,202000.0,54435.0,259960
2026-09-22,114800.0,119800.0,111400.0,113500.0,1026184.0,007660
2026-09-22,331500.0,339500.0,331500.0,333000.0,31658.0,0126Z0
2026-09-22,144800.0,145000.0,140200.0,141600.0,180026.0,090430
2026-09-22,89400.0,92200.0,88700.0,90300.0,434628.0,016360
2026-09-22,18830.0,19540.0,18540.0,18910.0,9155369.0,047040
2026-09-22,59100.0,59600.0,57100.0,57900.0,269159.0,161390
2026-09-22,100700.0,102000.0,98200.0,99500.0,126495.0,021240
2026-09-22,132700.0,133400.0,130000.0,131600.0,68258.0,000880
2026-09-22,70500.0,73400.0,70500.0,71400.0,726934.0,064400
2026-09-22,268000.0,272500.0,259000.0,262000.0,74699.0,039490
2026-09-22,163200.0,163500.0,155900.0,157100.0,360820.0,352820
2026-09-22,139100.0,145500.0,137000.0,139100.0,261594.0,267270
2026-09-22,505000.0,508000.0,498500.0,504000.0,57667.0,128940
2026-09-22,209500.0,215000.0,203500.0,206500.0,239074.0,062040
2026-09-22,30500.0,33450.0,30000.0,31900.0,9221371.0,001440
2026-09-22,27800.0,28150.0,27400.0,27600.0,1009032.0,009830
2026-09-22,14510.0,14700.0,14500.0,14560.0,1053339.0,032640
2026-09-22,174200.0,179800.0,174200.0,176600.0,96953.0,005387
2026-09-22,78100.0,78400.0,76400.0,76700.0,95942.0,326030
2026-09-22,31150.0,31350.0,29550.0,30650.0,427825.0,175330
2026-09-22,134500.0,134500.0,127900.0,130300.0,559817.0,000990
2026-09-22,58500.0,59000.0,57500.0,58300.0,149775.0,241560
2026-09-22,40550.0,42150.0,40550.0,40950.0,315263.0,377300
2026-09-22,110000.0,120700.0,109100.0,111700.0,2888270.0,353200
2026-09-22,75700.0,76000.0,74400.0,74800.0,184474.0,000100
2026-09-22,131100.0,143900.0,125500.0,137400.0,2023424.0,052690
2026-09-22,43350.0,43550.0,42600.0,42850.0,154767.0,029780
2026-09-22,5790.0,5860.0,5570.0,5610.0,4271060.0,088350
2026-09-22,208000.0,224500.0,208000.0,223500.0,131544.0,036570
2026-09-22,15710.0,15860.0,15530.0,15600.0,522631.0,138930
2026-09-22,35500.0,36050.0,35150.0,35600.0,685605.0,004020
2026-09-22,9780.0,9820.0,9730.0,9820.0,605786.0,088980
2026-09-22,70900.0,72100.0,70200.0,71500.0,328368.0,454910
2026-09-22,109100.0,111100.0,106400.0,109300.0,495830.0,066970
2026-09-22,299500.0,304500.0,295000.0,296000.0,58953.0,051900
2026-09-22,89700.0,90600.0,88000.0,88800.0,138571.0,011790
2026-09-22,111600.0,111900.0,109800.0,110700.0,99266.0,271560
2026-09-22,8620.0,8650.0,8410.0,8520.0,2924118.0,034220
2026-09-22,50500.0,50700.0,49150.0,49400.0,669643.0,082740
2026-09-22,48600.0,48950.0,46950.0,47450.0,425380.0,001450
2026-09-22,482500.0,487500.0,463500.0,467500.0,23993.0,002380
2026-09-22,174200.0,178500.0,174200.0,175700.0,67486.0,005385
2026-09-22,129800.0,130300.0,128000.0,129100.0,98171.0,001040
2026-09-22,75200.0,79200.0,73700.0,77400.0,735406.0,103590
2026-09-22,193700.0,195800.0,187000.0,188200.0,307520.0,010060
2026-09-22,50900.0,51200.0,49950.0,50600.0,83261.0,008930
2026-09-22,145600.0,150500.0,143700.0,146000.0,266921.0,161890
2026-09-22,3390.0,3460.0,3320.0,3335.0,2948199.0,018880
2026-09-22,360000.0,361500.0,355000.0,357500.0,50589.0,004170
2026-09-22,35700.0,36000.0,35150.0,35850.0,118544.0,036460
2026-09-22,86600.0,87200.0,83800.0,84900.0,284798.0,375500
2026-09-22,37450.0,38000.0,36550.0,37500.0,1420155.0,006360
2026-09-22,71900.0,72600.0,70900.0,71800.0,70371.0,111770
2026-09-22,83500.0,84500.0,82000.0,83700.0,36410.0,012750
2026-09-22,48050.0,48600.0,47200.0,47550.0,718619.0,336260
2026-09-22,5870.0,5870.0,5700.0,5780.0,1108933.0,028670
2026-09-22,110200.0,111300.0,106200.0,109100.0,128491.0,023530
2026-09-22,14460.0,14460.0,14310.0,14400.0,182116.0,035250
2026-09-22,20650.0,20700.0,20200.0,20250.0,215540.0,022100
2026-09-22,274000.0,277000.0,265500.0,270500.0,64088.0,192820
2026-09-22,120400.0,120500.0,116500.0,117500.0,73716.0,011780
2026-09-22,74300.0,74700.0,73800.0,74300.0,100758.0,017800
2026-09-22,34750.0,34850.0,34200.0,34800.0,96768.0,251270
2026-09-22,49850.0,50500.0,48450.0,49450.0,161405.0,007340
2026-09-22,41750.0,42000.0,41150.0,41350.0,37995.0,031210
2026-09-22,18180.0,18190.0,17830.0,18060.0,208263.0,139130
2026-09-22,35800.0,36150.0,35500.0,35750.0,51840.0,302440
2026-09-22,165000.0,167900.0,164200.0,164900.0,18282.0,004800
2026-09-22,19400.0,20150.0,19400.0,19960.0,128415.0,085620
2026-09-22,64100.0,64850.0,62200.0,62900.0,153366.0,011170
2026-09-22,175500.0,175700.0,173500.0,174500.0,56873.0,097950
2026-09-22,68500.0,69000.0,67600.0,68200.0,35342.0,383220
2026-09-22,14950.0,15000.0,14550.0,14670.0,192376.0,003690
2026-09-22,25400.0,25650.0,25250.0,25400.0,31570.0,026960
2026-09-22,34850.0,35550.0,34750.0,35300.0,219533.0,450080
2026-09-22,24500.0,24700.0,24200.0,24450.0,81339.0,004990
2026-09-22,13400.0,13520.0,13060.0,13240.0,375968.0,005440
2026-09-22,220500.0,228000.0,219500.0,224500.0,72631.0,014680
2026-09-22,48200.0,49600.0,47300.0,47800.0,204611.0,489790
2026-09-22,47550.0,47750.0,45800.0,46100.0,157939.0,009420
2026-09-22,395500.0,395500.0,389500.0,390500.0,13325.0,004370
2026-09-22,24750.0,24750.0,24100.0,24550.0,87821.0,000240
2026-09-22,138500.0,138500.0,133000.0,134400.0,33487.0,282330
2026-09-22,140500.0,142500.0,138000.0,139100.0,6962.0,001720
2026-09-22,49800.0,50300.0,49000.0,49200.0,58410.0,005850
2026-09-22,182500.0,184500.0,177700.0,178500.0,141383.0,483650
2026-09-22,241500.0,244000.0,234500.0,239500.0,15048.0,018670
2026-09-22,78600.0,79900.0,77400.0,78900.0,64901.0,103140
2026-09-22,5410.0,5420.0,5310.0,5360.0,518730.0,279570
2026-09-22,47500.0,48250.0,45550.0,46050.0,385429.0,204320
2026-09-22,166300.0,168700.0,165100.0,166000.0,12176.0,009970
2026-09-22,100000.0,100900.0,97900.0,99000.0,78908.0,069960
2026-09-22,50800.0,50800.0,49600.0,50200.0,215128.0,112610
2026-09-22,41850.0,41900.0,39500.0,40350.0,282064.0,020150
2026-09-22,46500.0,47200.0,45900.0,46800.0,133649.0,051600
2026-09-22,17550.0,17650.0,17420.0,17620.0,224745.0,030000
2026-09-22,38650.0,38650.0,37550.0,37850.0,105442.0,081660
2026-09-22,73400.0,73700.0,72400.0,72700.0,89482.0,139480
2026-09-22,26400.0,26700.0,26000.0,26150.0,61510.0,002790
2026-09-22,65000.0,65700.0,63700.0,64400.0,85170.0,457190
2026-09-22,23250.0,23550.0,22900.0,23200.0,134792.0,007070
2026-09-22,489500.0,490500.0,472000.0,484000.0,13186.0,000155
2026-09-22,6880.0,6900.0,6660.0,6690.0,884728.0,073240
2026-09-22,61300.0,62400.0,58900.0,60200.0,250400.0,229640
2026-09-22,57400.0,58800.0,55600.0,57000.0,170517.0,181710
2026-09-22,30900.0,31100.0,30550.0,30900.0,39905.0,462870
2026-09-22,49050.0,50200.0,49000.0,49650.0,59314.0,089860
2026-09-22,46450.0,46950.0,45900.0,46050.0,24192.0,439260
2026-09-22,50900.0,52500.0,50300.0,51000.0,765566.0,475150
2026-09-22,7760.0,8380.0,7750.0,8330.0,607129.0,020560
2026-09-22,39650.0,40350.0,39400.0,39450.0,29445.0,023590
2026-09-22,51300.0,51300.0,49750.0,50200.0,190253.0,071970
2026-09-22,58100.0,58400.0,55000.0,55500.0,136394.0,120110
2026-09-22,43900.0,46150.0,43300.0,45550.0,139300.0,001430
2026-09-22,70800.0,71300.0,70600.0,71100.0,26888.0,000120
2026-09-22,5260.0,5380.0,5250.0,5370.0,223987.0,395400
2026-09-22,41600.0,41700.0,40950.0,41400.0,87419.0,001120
2026-09-22,78700.0,81400.0,77000.0,80600.0,286876.0,281820
2026-09-22,60800.0,67900.0,59700.0,66400.0,2974905.0,007810
2026-09-22,40500.0,40700.0,40300.0,40450.0,78884.0,008770
2026-09-22,23900.0,24000.0,23150.0,23600.0,155188.0,294870
2026-09-22,35200.0,35600.0,34850.0,35050.0,27037.0,006040
2026-09-22,25800.0,26200.0,25650.0,25800.0,65668.0,012630
2026-09-22,150000.0,157700.0,144900.0,147600.0,1426070.0,001820
2026-09-22,520000.0,539000.0,501000.0,514000.0,59831.0,009155
2026-09-22,14080.0,14440.0,13480.0,13580.0,2931423.0,093370
2026-09-22,54000.0,54700.0,53200.0,53500.0,57491.0,011210
2026-09-22,125700.0,126300.0,123100.0,123400.0,18851.0,006280
2026-09-22,24050.0,24150.0,23600.0,23900.0,77471.0,001800
2026-09-22,10810.0,11270.0,10770.0,10910.0,187148.0,00680K
2026-09-22,15640.0,16360.0,14990.0,15160.0,355981.0,097230
2026-09-22,321000.0,322000.0,305500.0,314000.0,22251.0,298020
2026-09-22,41400.0,41500.0,39900.0,40450.0,91400.0,005070
2026-09-22,16000.0,16410.0,15840.0,16300.0,234294.0,361610
2026-09-22,120000.0,120200.0,115900.0,117700.0,223498.0,322000
2026-09-22,10280.0,10830.0,10270.0,10340.0,224129.0,415640
2026-09-22,26550.0,26850.0,26350.0,26450.0,56675.0,003540
2026-09-22,108500.0,110000.0,107900.0,108600.0,15299.0,069620
2026-09-22,317500.0,317500.0,311500.0,313000.0,4099.0,007310
2026-09-22,58700.0,58900.0,58000.0,58600.0,30630.0,192080
2026-09-22,71600.0,73800.0,69700.0,72200.0,154927.0,066575
2026-09-22,6190.0,6290.0,6120.0,6170.0,688533.0,001740
2026-09-22,412500.0,413000.0,406000.0,409500.0,6272.0,000815
2026-09-22,16160.0,16350.0,16040.0,16120.0,35456.0,300720
2026-09-22,4010.0,4065.0,3850.0,4055.0,170270.0,330590
2026-09-22,128400.0,128400.0,123900.0,124500.0,9592.0,280360
2026-09-22,10250.0,10250.0,9950.0,10020.0,22816.0,030610
2026-09-22,44650.0,44900.0,43500.0,43800.0,73391.0,004000
2026-09-22,52700.0,52900.0,51000.0,51700.0,30194.0,000210
2026-09-22,13870.0,14650.0,13570.0,13750.0,7439697.0,006340
2026-09-22,20650.0,20850.0,20450.0,20600.0,103352.0,017960
2026-09-22,15030.0,15150.0,14940.0,15060.0,56590.0,000080
2026-09-22,58900.0,62300.0,58400.0,60100.0,329818.0,195870
2026-09-22,904000.0,911000.0,895000.0,901000.0,1214.0,003240
2026-09-22,4770.0,4995.0,4630.0,4660.0,2463624.0,003530
2026-09-22,57200.0,57600.0,55200.0,57200.0,21495.0,006120
2026-09-22,35100.0,35700.0,34200.0,34850.0,710771.0,003160
2026-09-22,27000.0,27000.0,26750.0,26850.0,19354.0,192400
2026-09-22,5350.0,5430.0,5230.0,5300.0,131332.0,451800
2026-09-22,16050.0,16120.0,15870.0,16030.0,64233.0,003090
2026-09-22,39300.0,39800.0,39300.0,39400.0,19327.0,009240
2026-09-22,23400.0,23550.0,22750.0,23050.0,131339.0,077970
2026-09-22,11750.0,11750.0,11470.0,11560.0,247026.0,032350
2026-09-22,27500.0,27700.0,27050.0,27300.0,25474.0,003570
2026-09-22,8010.0,8120.0,7700.0,7770.0,701760.0,000370
2026-09-22,15460.0,15520.0,15200.0,15490.0,27685.0,030190
2026-09-22,78400.0,78700.0,77400.0,77800.0,15465.0,071320
2026-09-22,60900.0,62100.0,60600.0,61300.0,29024.0,009450
2026-09-22,117100.0,117300.0,114000.0,115900.0,15356.0,051915
2026-09-22,64600.0,65200.0,63600.0,64500.0,21011.0,185750
2026-09-22,9630.0,9630.0,9520.0,9560.0,170778.0,034230
2026-09-22,95500.0,95500.0,94500.0,94700.0,13092.0,005300
2026-09-22,5310.0,5340.0,5210.0,5270.0,220488.0,079160
2026-09-22,51400.0,52000.0,49000.0,49800.0,85782.0,285130
2026-09-22,4555.0,4630.0,4415.0,4465.0,378005.0,003470
2026-09-22,146300.0,147800.0,144600.0,145800.0,12938.0,071055
2026-09-22,56900.0,57400.0,54400.0,55100.0,116881.0,006110
2026-09-22,59400.0,60000.0,58700.0,59000.0,62597.0,004490
2026-09-22,45050.0,47300.0,43500.0,43700.0,189579.0,000670
2026-09-22,37200.0,40550.0,36500.0,38900.0,589505.0,100840
2026-09-22,3120.0,3190.0,3095.0,3175.0,188839.0,365550
2026-09-22,54700.0,56100.0,52100.0,52700.0,87529.0,005090
2026-09-22,12600.0,13050.0,12400.0,12650.0,2136135.0,005690
2026-09-22,45900.0,49900.0,45300.0,46050.0,13112.0,036530
2026-09-22,83200.0,85100.0,83200.0,84400.0,36740.0,005180
2026-09-22,6190.0,6190.0,6080.0,6110.0,58528.0,137310
2026-09-22,18200.0,18230.0,17950.0,18100.0,81249.0,214320
2026-09-22,38000.0,38000.0,35800.0,36500.0,147413.0,499790
2026-09-22,11590.0,11770.0,11460.0,11560.0,345190.0,100090
2026-09-22,7850.0,7850.0,7670.0,7760.0,56645.0,094800
2026-09-22,162300.0,163000.0,157800.0,159500.0,11491.0,298050
2026-09-22,8150.0,8960.0,8100.0,8290.0,324362.0,003850
2026-09-22,19770.0,20250.0,19400.0,20100.0,924004.0,090460
2026-09-22,25700.0,25850.0,25150.0,25500.0,72732.0,064960
2026-09-22,5530.0,5580.0,5460.0,5550.0,119051.0,293940
2026-09-22,16120.0,16310.0,16090.0,16190.0,31074.0,069260
2026-09-22,2035.0,2050.0,2000.0,2045.0,975251.0,005880
2026-09-22,75100.0,75600.0,73000.0,73600.0,21890.0,456040
2026-09-22,130500.0,134600.0,128800.0,131700.0,1080.0,268280
2026-09-22,506000.0,508000.0,502000.0,503000.0,816.0,002960
2026-09-22,0.0,0.0,0.0,9900.0,0.0,001570
2026-09-22,94400.0,95400.0,91600.0,92200.0,9401.0,017940
2026-09-22,2060.0,2090.0,2000.0,2035.0,209236.0,000400
2026-09-22,21650.0,21850.0,21200.0,21500.0,14189.0,093050
2026-09-22,42050.0,43150.0,41650.0,43000.0,104705.0,079900
2026-09-22,12820.0,13340.0,12820.0,13060.0,177883.0,248070
2026-09-22,94000.0,94600.0,92500.0,92700.0,12531.0,000640
2026-09-22,97300.0,97300.0,94600.0,95900.0,47784.0,006650
2026-09-22,27150.0,27250.0,26550.0,26650.0,28879.0,001060
2026-09-22,8000.0,8130.0,8000.0,8090.0,70066.0,383800
2026-09-22,42400.0,42700.0,42000.0,42200.0,4384.0,317450
2026-09-22,137200.0,137600.0,135000.0,136900.0,1276.0,002840
2026-09-22,17810.0,17840.0,17630.0,17760.0,41127.0,001680
2026-09-22,19480.0,19480.0,18690.0,18870.0,23185.0,453340
2026-09-22,21100.0,21350.0,20850.0,21050.0,25647.0,014820
2026-09-22,39600.0,40550.0,39600.0,40300.0,10491.0,00088K
2026-09-22,10570.0,10815.0,10060.0,10200.0,4148459.0,017900
2026-09-22,36400.0,36900.0,36000.0,36050.0,51484.0,108320
2026-09-22,28200.0,28300.0,26600.0,26750.0,99844.0,033240
2026-09-22,10280.0,10280.0,10060.0,10090.0,83966.0,075580
2026-09-22,57000.0,57000.0,55800.0,56600.0,15709.0,025540
2026-09-22,8200.0,8690.0,8100.0,8540.0,2413660.0,192650
2026-09-22,5640.0,5690.0,5580.0,5620.0,130012.0,016380
2026-09-22,6450.0,6760.0,6300.0,6540.0,1593008.0,0220W0
2026-09-22,8960.0,8980.0,8880.0,8910.0,65504.0,114090
2026-09-22,5540.0,5640.0,5510.0,5580.0,102912.0,002350
2026-09-22,7990.0,8030.0,7680.0,7760.0,166615.0,336370
2026-09-22,18100.0,18100.0,17400.0,17650.0,12697.0,003300
2026-09-22,13410.0,13870.0,13310.0,13870.0,13568.0,007700
2026-09-22,2430.0,2485.0,2300.0,2340.0,3492728.0,001510
2026-09-22,126600.0,127800.0,125000.0,127800.0,2812.0,00104K
2026-09-22,37550.0,37650.0,37000.0,37450.0,10810.0,005810
2026-09-22,18850.0,18890.0,18060.0,18250.0,41218.0,178920
2026-09-22,23950.0,24150.0,23550.0,23800.0,9149.0,284740
2026-09-22,51600.0,51900.0,50600.0,51100.0,1033.0,001270
2026-09-22,129500.0,130500.0,128500.0,130300.0,903.0,058650
2026-09-22,25650.0,25850.0,24800.0,25400.0,30941.0,001530
2026-09-22,1654.0,1670.0,1625.0,1641.0,134727.0,009410
2026-09-22,2715.0,2750.0,2655.0,2680.0,1071061.0,452260
2026-09-22,10000.0,10380.0,9730.0,9760.0,676979.0,004710
2026-09-22,2600.0,2600.0,2510.0,2525.0,602204.0,003620
2026-09-22,20300.0,20450.0,20250.0,20350.0,15635.0,003545
2026-09-22,13500.0,14190.0,13100.0,13270.0,1895575.0,002990
2026-09-22,10150.0,10180.0,9500.0,9940.0,105499.0,460860
2026-09-22,18270.0,18330.0,17830.0,17900.0,88225.0,484870
2026-09-22,7970.0,8040.0,7860.0,7910.0,48643.0,001500
2026-09-22,10120.0,10190.0,9940.0,10010.0,119843.0,161000
2026-09-22,9370.0,9430.0,9230.0,9270.0,141108.0,019170
2026-09-22,44650.0,44900.0,42800.0,43500.0,33597.0,029460
2026-09-22,130900.0,130900.0,129600.0,130600.0,2958.0,004690
2026-09-22,30400.0,30750.0,30300.0,30550.0,21967.0,039130
2026-09-22,4665.0,4695.0,4500.0,4640.0,44620.0,377740
2026-09-22,46300.0,46300.0,45000.0,45500.0,7668.0,145990
2026-09-22,15340.0,15650.0,15290.0,15390.0,56729.0,010780
2026-09-22,16990.0,16990.0,16710.0,16860.0,15744.0,002240
2026-09-22,14500.0,14920.0,14280.0,14520.0,103284.0,008060
2026-09-22,58200.0,58600.0,57700.0,58500.0,5804.0,000070
2026-09-22,9650.0,9660.0,9460.0,9520.0,33365.0,005250
2026-09-22,109900.0,109900.0,105600.0,107500.0,12736.0,003030
2026-09-22,42750.0,42850.0,41500.0,42100.0,46102.0,090435
2026-09-22,14190.0,14350.0,13960.0,13990.0,136089.0,249420
2026-09-22,5000.0,5080.0,4795.0,4860.0,314468.0,448730
2026-09-22,67900.0,67900.0,65800.0,66200.0,363.0,004700
2026-09-22,218500.0,218500.0,210000.0,213000.0,1491.0,002030
2026-09-22,11920.0,12180.0,11680.0,11910.0,31007.0,034310
2026-09-22,8700.0,8700.0,8230.0,8340.0,336577.0,009900
2026-09-22,10400.0,10460.0,10250.0,10250.0,23314.0,016610
2026-09-22,23150.0,23250.0,22750.0,23050.0,29080.0,005945
2026-09-22,1791.0,1835.0,1767.0,1798.0,2467030.0,003280
2026-09-22,19070.0,20200.0,18910.0,19960.0,353277.0,020000
2026-09-22,12950.0,13500.0,12780.0,13040.0,727079.0,130660
2026-09-22,90300.0,94800.0,89400.0,89700.0,1662.0,072710
2026-09-22,10840.0,11000.0,10650.0,10770.0,12342.0,403550
2026-09-22,11440.0,11450.0,11050.0,11240.0,42530.0,271940
2026-09-22,95800.0,97800.0,95800.0,96300.0,2791.0,092230
2026-09-22,60900.0,60900.0,59800.0,60000.0,8255.0,014830
2026-09-22,4200.0,4275.0,4155.0,4180.0,350291.0,001200
2026-09-22,4100.0,4235.0,4100.0,4155.0,71145.0,357120
2026-09-22,145200.0,146900.0,141600.0,142500.0,4919.0,306200
2026-09-22,172100.0,175800.0,172100.0,173600.0,5647.0,005389
2026-09-22,14490.0,14530.0,14430.0,14510.0,5218.0,015360
2026-09-22,9780.0,9900.0,9660.0,9790.0,10930.0,016590
2026-09-22,21500.0,21500.0,21250.0,21300.0,5442.0,002810
2026-09-22,4020.0,4080.0,3930.0,3970.0,178294.0,003000
2026-09-22,10360.0,10430.0,10060.0,10150.0,75212.0,005420
2026-09-22,9800.0,10290.0,9680.0,10050.0,749859.0,317400
2026-09-22,39000.0,39200.0,38500.0,39150.0,3145.0,029530
2026-09-22,10700.0,10720.0,10460.0,10510.0,14012.0,183190
2026-09-22,26750.0,27600.0,26400.0,26650.0,4395.0,001940
2026-09-22,12670.0,13150.0,12670.0,12940.0,29843.0,194370
2026-09-22,23950.0,23950.0,23200.0,23500.0,14989.0,344820
2026-09-22,4365.0,4680.0,4340.0,4625.0,460238.0,089590
2026-09-22,13900.0,14750.0,13760.0,14130.0,1088473.0,092790
2026-09-22,10480.0,10590.0,10400.0,10490.0,24204.0,031430
2026-09-22,3365.0,3375.0,3345.0,3360.0,37690.0,126560
2026-09-22,9670.0,9740.0,9600.0,9620.0,66570.0,006220
2026-09-22,15000.0,15180.0,14560.0,14620.0,54672.0,008730
2026-09-22,3720.0,3765.0,3710.0,3715.0,45399.0,027410
2026-09-22,5830.0,6000.0,5750.0,5890.0,23746.0,950210
2026-09-22,14560.0,14970.0,14200.0,14650.0,1097073.0,217590
2026-09-22,400000.0,403500.0,387000.0,395000.0,778.0,000157
2026-09-22,40000.0,40000.0,38650.0,39050.0,22025.0,060980
2026-09-22,48400.0,48900.0,46700.0,46950.0,22503.0,0120G0
2026-09-22,247000.0,247000.0,235000.0,237500.0,5367.0,02826K
2026-09-22,8770.0,8770.0,8580.0,8700.0,39042.0,105630
2026-09-22,37850.0,38350.0,37250.0,37500.0,5802.0,007690
2026-09-22,215500.0,219000.0,212000.0,214000.0,3595.0,006405
2026-09-22,26200.0,26350.0,25650.0,26150.0,25361.0,011760
2026-09-22,9430.0,9560.0,9380.0,9460.0,13317.0,104700
2026-09-22,6920.0,7030.0,6880.0,6960.0,109502.0,015860
2026-09-22,35450.0,35500.0,34850.0,35100.0,7423.0,170900
2026-09-22,1635.0,1720.0,1635.0,1692.0,874069.0,012030
2026-09-22,15300.0,16120.0,14830.0,14890.0,857810.0,003350
2026-09-22,39300.0,39850.0,39000.0,39100.0,1824.0,005610
2026-09-22,8880.0,8930.0,8750.0,8840.0,15189.0,017810
2026-09-22,16990.0,17130.0,16510.0,16530.0,143889.0,011930
2026-09-22,2200.0,2205.0,2100.0,2130.0,448547.0,001230
2026-09-22,8350.0,8770.0,8160.0,8290.0,50657.0,002310
2026-09-22,37500.0,37900.0,36950.0,37350.0,7605.0,145720
2026-09-22,9650.0,9650.0,9160.0,9380.0,14494.0,024720
2026-09-22,18470.0,18690.0,18160.0,18420.0,42738.0,097520
2026-09-22,6400.0,6440.0,6200.0,6430.0,188084.0,009290
2026-09-22,4360.0,4430.0,4235.0,4325.0,56827.0,096760
2026-09-22,5840.0,6070.0,5840.0,6030.0,153945.0,272450
2026-09-22,4730.0,4790.0,4625.0,4790.0,44553.0,009160
2026-09-22,5090.0,5090.0,4980.0,5050.0,104021.0,000430
2026-09-22,75700.0,81000.0,74600.0,77700.0,21873.0,010955
2026-09-22,11630.0,11890.0,11490.0,11850.0,198527.0,002710
2026-09-22,6350.0,6400.0,6330.0,6360.0,27057.0,381970
2026-09-22,24500.0,24600.0,23800.0,23950.0,19946.0,002020
2026-09-22,6440.0,6460.0,6200.0,6330.0,430432.0,010820
2026-09-22,21750.0,21750.0,21400.0,21600.0,17400.0,126720
2026-09-22,6130.0,6250.0,6100.0,6190.0,255176.0,025860
2026-09-22,7560.0,7930.0,7560.0,7900.0,40921.0,026890
2026-09-22,2785.0,2920.0,2625.0,2695.0,1894931.0,010580
2026-09-22,2440.0,2460.0,2425.0,2435.0,157156.0,123890
2026-09-22,33000.0,33500.0,32875.0,33150.0,12423.0,108670
2026-09-22,11080.0,11150.0,10820.0,10890.0,26187.0,200880
2026-09-22,14890.0,14890.0,14360.0,14570.0,491890.0,105840
2026-09-22,11110.0,11190.0,10950.0,11120.0,7841.0,018250
2026-09-22,19260.0,19460.0,19170.0,19320.0,9180.0,001750
2026-09-22,1164.0,1200.0,1147.0,1155.0,193891.0,034830
2026-09-22,5660.0,5660.0,5410.0,5550.0,22383.0,005720
2026-09-22,22350.0,22350.0,21700.0,21850.0,385.0,003120
2026-09-22,25850.0,25850.0,24850.0,24850.0,686.0,016800
2026-09-22,9350.0,9370.0,8840.0,8910.0,1967729.0,004310
2026-09-22,13000.0,13280.0,12520.0,12530.0,52987.0,244920
2026-09-22,7810.0,7890.0,7740.0,7780.0,31340.0,084690
2026-09-22,4290.0,4300.0,4205.0,4240.0,83887.0,001390
2026-09-22,17770.0,17950.0,17540.0,17670.0,37303.0,033270
2026-09-22,8370.0,8370.0,8300.0,8340.0,12823.0,122900
2026-09-22,10790.0,11140.0,10580.0,10600.0,250014.0,005950
2026-09-22,8110.0,8270.0,7080.0,7510.0,824656.0,020120
2026-09-22,4710.0,4745.0,4620.0,4625.0,157187.0,058430
2026-09-22,6700.0,6820.0,6620.0,6680.0,154966.0,002900
2026-09-22,8150.0,8150.0,7980.0,8040.0,12448.0,084010
2026-09-22,11410.0,11490.0,11300.0,11360.0,72749.0,004430
2026-09-22,54600.0,54800.0,53000.0,54600.0,4502.0,017390
2026-09-22,17910.0,18180.0,17570.0,17850.0,8116.0,286940
2026-09-22,2550.0,2630.0,2500.0,2620.0,75732.0,091810
2026-09-22,10670.0,10960.0,10590.0,10700.0,71049.0,078520
2026-09-22,7600.0,7770.0,7490.0,7540.0,168601.0,010690
2026-09-22,34800.0,34950.0,34250.0,34400.0,16827.0,037710
2026-09-22,10070.0,12270.0,9930.0,11540.0,658877.0,044450
2026-09-22,81100.0,83500.0,80300.0,81400.0,4372.0,005430
2026-09-22,13400.0,13490.0,13340.0,13400.0,7005.0,004360
2026-09-22,11470.0,11480.0,10980.0,11050.0,70546.0,003200
2026-09-22,12700.0,12830.0,12440.0,12660.0,24581.0,005680
2026-09-22,1495.0,1541.0,1495.0,1537.0,65062.0,298690
2026-09-22,1670.0,1688.0,1610.0,1647.0,606720.0,432320
2026-09-22,49500.0,49500.0,48850.0,49450.0,649.0,007160
2026-09-22,3615.0,3800.0,3530.0,3560.0,48696.0,334890
2026-09-22,18550.0,18610.0,18440.0,18500.0,16834.0,005500
2026-09-22,2830.0,2850.0,2810.0,2835.0,78803.0,001790
2026-09-22,22500.0,23200.0,21550.0,22300.0,239138.0,053690
2026-09-22,26800.0,27050.0,26500.0,26650.0,3147.0,003960
2026-09-22,10110.0,10320.0,10090.0,10230.0,57997.0,136490
2026-09-22,42850.0,43250.0,41950.0,42550.0,9779.0,003920
2026-09-22,25350.0,25900.0,24700.0,24900.0,12851.0,044820
2026-09-22,3880.0,3880.0,3630.0,3865.0,36299.0,404990
2026-09-22,3860.0,3895.0,3835.0,3895.0,32762.0,030210
2026-09-22,56400.0,57000.0,56000.0,56600.0,4187.0,025000
2026-09-22,9430.0,9570.0,9210.0,9220.0,6651.0,003070
2026-09-22,20100.0,20550.0,19980.0,20200.0,11462.0,008490
2026-09-22,0.0,0.0,0.0,1182.0,0.0,348950
2026-09-22,2955.0,3050.0,2790.0,2950.0,32094.0,000680
2026-09-22,10750.0,10760.0,10400.0,10450.0,13668.0,226320
2026-09-22,0.0,0.0,0.0,5820.0,0.0,001470
2026-09-22,4050.0,4180.0,3980.0,4025.0,504173.0,005010
2026-09-22,15500.0,16100.0,15400.0,15930.0,185193.0,035510
2026-09-22,36800.0,36800.0,35400.0,35650.0,3323.0,001460
2026-09-22,3710.0,3750.0,3710.0,3710.0,7189.0,0030R0
2026-09-22,14570.0,14600.0,14160.0,14250.0,25771.0,002320
2026-09-22,7740.0,7840.0,7650.0,7670.0,106580.0,000490
2026-09-22,3515.0,3520.0,3400.0,3440.0,31769.0,000540
2026-09-22,10150.0,10150.0,10020.0,10030.0,10894.0,134380
2026-09-22,11960.0,11960.0,11830.0,11890.0,3207.0,034120
2026-09-22,7990.0,8130.0,7920.0,8040.0,30272.0,000050
2026-09-22,127600.0,129500.0,125900.0,126700.0,1518.0,003650
2026-09-22,10150.0,10190.0,10080.0,10110.0,12268.0,009680
2026-09-22,5850.0,5860.0,5550.0,5640.0,194572.0,092200
2026-09-22,6500.0,6640.0,6220.0,6420.0,96947.0,003720
2026-09-22,4925.0,5010.0,4810.0,4830.0,96370.0,001340
2026-09-22,14740.0,14940.0,14550.0,14660.0,14677.0,475560
2026-09-22,389000.0,389000.0,380500.0,383000.0,626.0,03473K
2026-09-22,1110.0,1144.0,1102.0,1112.0,150685.0,900140
2026-09-22,7500.0,7600.0,7430.0,7530.0,13128.0,033920
2026-09-22,11800.0,12540.0,11680.0,12100.0,60736.0,017860
2026-09-22,19430.0,21000.0,18900.0,19030.0,45608.0,028100
2026-09-22,16290.0,17150.0,15730.0,15900.0,7131.0,000320
2026-09-22,2565.0,2605.0,2540.0,2560.0,198590.0,001250
2026-09-22,3280.0,3330.0,3265.0,3330.0,36244.0,088260
2026-09-22,98800.0,99500.0,96600.0,99200.0,17681.0,051905
2026-09-22,146800.0,148300.0,144400.0,144500.0,1118.0,000650
2026-09-22,67600.0,69500.0,66700.0,68400.0,8308.0,003555
2026-09-22,10460.0,10610.0,10280.0,10350.0,27480.0,035150
2026-09-22,23150.0,23300.0,22500.0,22900.0,43955.0,013580
2026-09-22,13270.0,13350.0,12980.0,13070.0,27261.0,011500
2026-09-22,4310.0,4320.0,4260.0,4320.0,5265.0,000480
2026-09-22,6070.0,6430.0,6020.0,6400.0,25408.0,002420
2026-09-22,8290.0,8290.0,8090.0,8120.0,44135.0,004980
2026-09-22,8680.0,8790.0,8550.0,8660.0,33132.0,005960
2026-09-22,2290.0,2290.0,2235.0,2240.0,79031.0,377190
2026-09-22,52400.0,52900.0,51600.0,52200.0,10068.0,298000
2026-09-22,3095.0,3145.0,3065.0,3095.0,91815.0,037270
2026-09-22,3090.0,3090.0,3050.0,3075.0,18543.0,100250
2026-09-22,7500.0,7500.0,7450.0,7490.0,4489.0,039570
2026-09-22,7070.0,7140.0,6950.0,7050.0,133274.0,117580
2026-09-22,7160.0,7230.0,7030.0,7070.0,92473.0,000390
2026-09-22,3805.0,3920.0,3770.0,3805.0,22117.0,339770
2026-09-22,4020.0,4020.0,3980.0,4000.0,22358.0,053210
2026-09-22,4180.0,4220.0,4145.0,4185.0,99988.0,095570
2026-09-22,12800.0,12950.0,12480.0,12530.0,41024.0,004560
2026-09-22,37700.0,37900.0,37400.0,37650.0,2417.0,001630
2026-09-22,19640.0,19770.0,19500.0,19620.0,4302.0,003547
2026-09-22,1023.0,1042.0,998.0,1028.0,584889.0,003520
2026-09-22,11020.0,11570.0,10860.0,11030.0,18190.0,001130
2026-09-22,9920.0,10090.0,9920.0,10010.0,10962.0,102460
2026-09-22,9950.0,10190.0,9940.0,10000.0,41076.0,016580
2026-09-22,6790.0,6850.0,6750.0,6830.0,42890.0,015230
2026-09-22,5670.0,5700.0,5590.0,5690.0,73852.0,003610
2026-09-22,3580.0,3635.0,3545.0,3600.0,72730.0,102260
2026-09-22,4030.0,4075.0,4015.0,4030.0,61741.0,128820
2026-09-22,8390.0,8880.0,8270.0,8420.0,494624.0,077500
2026-09-22,7900.0,8020.0,7780.0,7820.0,5473.0,000140
2026-09-22,6720.0,6790.0,6610.0,6680.0,22106.0,033530
2026-09-22,6210.0,6590.0,6170.0,6410.0,404316.0,025560
2026-09-22,7550.0,7580.0,7470.0,7480.0,24658.0,213500
2026-09-22,48000.0,48300.0,47550.0,47650.0,1012.0,487570
2026-09-22,7860.0,7980.0,7760.0,7830.0,32153.0,003220
2026-09-22,27450.0,27900.0,25500.0,26500.0,104113.0,009470
2026-09-22,8990.0,9040.0,8960.0,8970.0,16391.0,002100
2026-09-22,6620.0,6760.0,6580.0,6710.0,22496.0,000700
2026-09-22,8200.0,8400.0,7880.0,8040.0,101277.0,000520
2026-09-22,4350.0,4500.0,4285.0,4360.0,11954.0,016450
2026-09-22,0.0,0.0,0.0,4200.0,0.0,000300
2026-09-22,10940.0,10990.0,10850.0,10970.0,9287.0,234080
2026-09-22,7310.0,7400.0,7220.0,7300.0,32580.0,007860
2026-09-22,5110.0,5110.0,5000.0,5050.0,22711.0,002150
2026-09-22,3000.0,3005.0,2935.0,2975.0,89700.0,003460
2026-09-22,9790.0,9890.0,9480.0,9600.0,9648.0,014710
2026-09-22,7270.0,7530.0,7220.0,7490.0,15786.0,013890
2026-09-22,2770.0,2780.0,2650.0,2705.0,61237.0,241590
2026-09-22,11790.0,12460.0,11620.0,11990.0,22058.0,006805
2026-09-22,0.0,0.0,0.0,5530.0,0.0,101530
2026-09-22,12500.0,12500.0,12210.0,12330.0,3349.0,000860
2026-09-22,54500.0,54500.0,53100.0,53400.0,773.0,002170
2026-09-22,5310.0,5370.0,5280.0,5320.0,29167.0,460850
2026-09-22,7630.0,7890.0,7480.0,7680.0,24086.0,004380
2026-09-22,7790.0,7860.0,7730.0,7790.0,20802.0,090350
2026-09-22,21700.0,21900.0,21300.0,21900.0,873.0,00279K
2026-09-22,2825.0,2835.0,2765.0,2800.0,67496.0,400760
2026-09-22,51000.0,51000.0,49750.0,50000.0,8796.0,011785
2026-09-22,12670.0,12790.0,12000.0,12720.0,13461.0,462520
2026-09-22,6630.0,6630.0,6500.0,6580.0,7484.0,000970
2026-09-22,7890.0,8060.0,7810.0,7810.0,9464.0,007570
2026-09-22,1551.0,1578.0,1528.0,1538.0,669816.0,001780
2026-09-22,66500.0,66500.0,64600.0,65800.0,2329.0,001045
2026-09-22,110600.0,111700.0,110600.0,111700.0,22.0,003830
2026-09-22,1840.0,1854.0,1779.0,1843.0,69714.0,016880
2026-09-22,10000.0,10100.0,9840.0,9940.0,8060.0,271980
2026-09-22,110800.0,116400.0,108400.0,109900.0,6645.0,097955
2026-09-22,9760.0,9770.0,9560.0,9680.0,8840.0,272550
2026-09-22,6100.0,6210.0,5990.0,6170.0,7438.0,071840
2026-09-22,8230.0,8230.0,8100.0,8160.0,13821.0,293480
2026-09-22,11390.0,12240.0,11380.0,11410.0,153856.0,004090
2026-09-22,9150.0,9190.0,8980.0,9040.0,7401.0,004970
2026-09-22,4310.0,4370.0,4280.0,4325.0,90213.0,025820
2026-09-22,3465.0,3515.0,3450.0,3485.0,27717.0,004150
2026-09-22,5010.0,5050.0,4965.0,5020.0,72444.0,000020
2026-09-22,61700.0,61700.0,60300.0,60400.0,44.0,107590
2026-09-22,4710.0,4760.0,4695.0,4745.0,16935.0,003480
2026-09-22,4780.0,4815.0,4740.0,4750.0,13426.0,015890
2026-09-22,11980.0,12100.0,11960.0,12010.0,3261.0,094280
2026-09-22,1057.0,1072.0,1056.0,1063.0,687784.0,008350
2026-09-22,3870.0,3870.0,3740.0,3860.0,10804.0,001080
2026-09-22,14770.0,14770.0,14500.0,14540.0,5012.0,004080
2026-09-22,47300.0,47750.0,46200.0,46650.0,24417.0,007540
2026-09-22,3200.0,3300.0,3170.0,3215.0,110178.0,012610
2026-09-22,9310.0,9370.0,9160.0,9270.0,25950.0,081000
2026-09-22,11590.0,11640.0,11460.0,11500.0,1928.0,024090
2026-09-22,4405.0,4920.0,4390.0,4450.0,1124705.0,014280
2026-09-22,11370.0,12300.0,11080.0,11200.0,13915.0,004960
2026-09-22,5420.0,5510.0,5300.0,5420.0,17320.0,214390
2026-09-22,5110.0,5140.0,5010.0,5100.0,58290.0,018470
2026-09-22,1113.0,1217.0,1113.0,1122.0,273872.0,009270
2026-09-22,10520.0,10720.0,10100.0,10230.0,1668187.0,001210
2026-09-22,21750.0,21750.0,21400.0,21500.0,7030.0,267290
2026-09-22,1336.0,1336.0,1250.0,1310.0,102410.0,002210
2026-09-22,10270.0,10890.0,9720.0,9890.0,469426.0,003010
2026-09-22,4160.0,4195.0,4105.0,4160.0,103997.0,009070
2026-09-22,13580.0,13850.0,13510.0,13850.0,9579.0,005800
2026-09-22,1216.0,1238.0,1145.0,1162.0,2873807.0,001520
2026-09-22,2225.0,2240.0,2195.0,2240.0,89344.0,006060
2026-09-22,11120.0,11220.0,11120.0,11220.0,8219.0,210540
2026-09-22,1336.0,1348.0,1295.0,1314.0,187578.0,001360
2026-09-22,13340.0,13550.0,13240.0,13350.0,2367.0,078000
2026-09-22,3420.0,3425.0,3335.0,3345.0,13158.0,350520
2026-09-22,3360.0,3435.0,3265.0,3350.0,81540.0,011690
2026-09-22,2465.0,2495.0,2430.0,2445.0,135978.0,013520
2026-09-22,7730.0,7730.0,7520.0,7640.0,283.0,002620
2026-09-22,3800.0,3900.0,3680.0,3820.0,32647.0,089470
2026-09-22,3255.0,3255.0,2970.0,3025.0,812397.0,092220
2026-09-22,1155.0,1209.0,1139.0,1169.0,1388569.0,008970
2026-09-22,5050.0,5110.0,5010.0,5020.0,27238.0,214420
2026-09-22,1589.0,1589.0,1500.0,1556.0,100823.0,037560
2026-09-22,12930.0,12930.0,12740.0,12920.0,10464.0,227840
2026-09-22,5660.0,5810.0,5610.0,5800.0,10960.0,079430
2026-09-22,3960.0,4050.0,3960.0,4050.0,21224.0,016740
2026-09-22,8330.0,8500.0,8300.0,8400.0,2822.0,002390
2026-09-22,26300.0,26700.0,26000.0,26350.0,802.0,034590
2026-09-22,3320.0,3370.0,3230.0,3300.0,111540.0,014530
2026-09-22,1810.0,1889.0,1810.0,1839.0,202885.0,017550
2026-09-22,2215.0,2285.0,2100.0,2125.0,120721.0,015590
2026-09-22,53300.0,53700.0,52300.0,53700.0,2400.0,37550L
2026-09-22,7030.0,7060.0,6960.0,7040.0,1568.0,016710
2026-09-22,4720.0,4800.0,4620.0,4680.0,24341.0,083420
2026-09-22,2925.0,3075.0,2895.0,3055.0,658597.0,004100
2026-09-22,32650.0,32650.0,31800.0,32000.0,378.0,023450
2026-09-22,1632.0,2120.0,1630.0,1775.0,11874644.0,009580
2026-09-22,11000.0,11350.0,10750.0,10830.0,5238.0,002460
2026-09-22,0.0,0.0,0.0,3530.0,0.0,011810
2026-09-22,4190.0,4190.0,4105.0,4160.0,26487.0,013570
2026-09-22,1171.0,1225.0,1165.0,1170.0,366994.0,012800
2026-09-22,59800.0,60000.0,58500.0,59600.0,4642.0,078935
2026-09-22,44200.0,44700.0,43950.0,44700.0,6561.0,012320
2026-09-22,7540.0,7910.0,7130.0,7480.0,17899.0,008040
2026-09-22,2870.0,2890.0,2830.0,2870.0,6765.0,004250
2026-09-22,3805.0,3815.0,3740.0,3800.0,26728.0,014580
2026-09-22,84000.0,85300.0,82100.0,83000.0,483.0,120030
2026-09-22,10560.0,10600.0,10390.0,10390.0,5287.0,021820
2026-09-22,3845.0,4300.0,3750.0,3805.0,825968.0,012200
2026-09-22,2745.0,2790.0,2680.0,2720.0,24085.0,027970
2026-09-22,3370.0,3420.0,3330.0,3385.0,58144.0,010100
2026-09-22,13250.0,13550.0,12490.0,12640.0,199597.0,006660
2026-09-22,6340.0,6350.0,6300.0,6310.0,10511.0,035000
2026-09-22,6350.0,6460.0,6330.0,6350.0,37020.0,123690
2026-09-22,22550.0,22650.0,22100.0,22300.0,29183.0,248170
2026-09-22,9080.0,9220.0,9060.0,9160.0,8629.0,267850
2026-09-22,0.0,0.0,0.0,918.0,0.0,119650
2026-09-22,6830.0,7150.0,6750.0,6850.0,42469.0,002780
2026-09-22,1444.0,1475.0,1302.0,1396.0,345911.0,011280
2026-09-22,1095.0,1100.0,1081.0,1084.0,106829.0,002450
2026-09-22,1661.0,1687.0,1617.0,1627.0,183338.0,013700
2026-09-22,7800.0,7810.0,7670.0,7750.0,7691.0,264900
2026-09-22,2395.0,2410.0,2375.0,2400.0,165458.0,417310
2026-09-22,1258.0,1276.0,1191.0,1257.0,236732.0,008700
2026-09-22,1876.0,2035.0,1876.0,1989.0,58958.0,070960
2026-09-22,2825.0,2950.0,2770.0,2855.0,33040.0,002200
2026-09-22,2280.0,2375.0,2275.0,2305.0,96474.0,067830
2026-09-22,2515.0,2515.0,2450.0,2485.0,14992.0,014790
2026-09-22,3340.0,3340.0,3255.0,3285.0,26045.0,008260
2026-09-22,5510.0,5600.0,5440.0,5510.0,10801.0,032560
2026-09-22,4710.0,4710.0,4655.0,4665.0,4658.0,014440
2026-09-22,1424.0,1435.0,1413.0,1425.0,57832.0,007210
2026-09-22,2055.0,2055.0,1997.0,2035.0,18101.0,363280
2026-09-22,7130.0,7130.0,6500.0,6980.0,2922.0,006840
2026-09-22,2560.0,2560.0,2470.0,2500.0,19595.0,036580
2026-09-22,30450.0,30450.0,30050.0,30100.0,247.0,001275
2026-09-22,5020.0,5080.0,4965.0,5000.0,89955.0,019180
2026-09-22,4100.0,4160.0,3970.0,4040.0,43676.0,001290
2026-09-22,4785.0,4880.0,4620.0,4805.0,6612.0,025620
2026-09-22,2130.0,2130.0,2065.0,2100.0,118604.0,058850
2026-09-22,6530.0,6600.0,6260.0,6440.0,23343.0,33626K
2026-09-22,1800.0,1810.0,1771.0,1789.0,61099.0,004140
2026-09-22,2450.0,2470.0,2425.0,2465.0,26786.0,058860
2026-09-22,67500.0,69500.0,67500.0,68400.0,1379.0,096775
2026-09-22,35300.0,35300.0,34750.0,35100.0,316.0,004890
2026-09-22,2205.0,2230.0,2140.0,2140.0,9527.0,023000
2026-09-22,38650.0,40100.0,36400.0,38200.0,5612.0,000850
2026-09-22,8910.0,8940.0,8720.0,8820.0,2037.0,006090
2026-09-22,138000.0,138000.0,138000.0,138000.0,12.0,002600
2026-09-22,2085.0,2175.0,2085.0,2130.0,12581.0,139990
2026-09-22,0.0,0.0,0.0,1550.0,0.0,109070
2026-09-22,4815.0,4935.0,4460.0,4510.0,1236584.0,007610
2026-09-22,1595.0,1609.0,1556.0,1595.0,31575.0,003580
2026-09-22,5070.0,5160.0,5050.0,5090.0,13356.0,023800
2026-09-22,1702.0,1738.0,1699.0,1715.0,141177.0,007980
2026-09-22,13170.0,13170.0,12830.0,13110.0,1444.0,111380
2026-09-22,2470.0,2535.0,2440.0,2460.0,204332.0,011700
2026-09-22,2950.0,2955.0,2850.0,2950.0,103866.0,002220
2026-09-22,67000.0,68500.0,66900.0,68000.0,382.0,000590
2026-09-22,5440.0,5450.0,5320.0,5400.0,20997.0,069730
2026-09-22,2765.0,2770.0,2725.0,2755.0,12269.0,009180
2026-09-22,5180.0,5400.0,5120.0,5220.0,18258.0,005740
2026-09-22,5590.0,5610.0,5530.0,5610.0,3697.0,007590
2026-09-22,3990.0,3990.0,3905.0,3950.0,96683.0,004840
2026-09-22,0.0,0.0,0.0,532.0,0.0,084680
2026-09-22,65800.0,66300.0,65400.0,65500.0,918.0,000105
2026-09-22,5440.0,5440.0,5360.0,5380.0,9730.0,163560
2026-09-22,1389.0,1403.0,1375.0,1383.0,130432.0,013360
2026-09-22,4460.0,4555.0,4345.0,4500.0,10229.0,005750
2026-09-22,2085.0,2195.0,2000.0,2085.0,6295.0,001020
2026-09-22,7600.0,7890.0,7470.0,7520.0,16929.0,001260
2026-09-22,3065.0,3095.0,3040.0,3060.0,136086.0,010960
2026-09-22,3900.0,3900.0,3800.0,3850.0,6684.0,013870
2026-09-22,11170.0,11450.0,11090.0,11400.0,27039.0,002795
2026-09-22,3820.0,3850.0,3775.0,3830.0,35313.0,338100
2026-09-22,14780.0,15500.0,14530.0,14930.0,15591.0,055490
2026-09-22,3235.0,3785.0,3225.0,3535.0,6382775.0,071090
2026-09-22,0.0,0.0,0.0,655.0,0.0,014160
2026-09-22,12950.0,13040.0,12730.0,12870.0,6530.0,063160
2026-09-22,8820.0,9400.0,8820.0,9290.0,1137.0,001560
2026-09-22,1983.0,2190.0,1983.0,2165.0,306133.0,024900
2026-09-22,1251.0,1280.0,1212.0,1236.0,11890.0,095720
2026-09-22,5050.0,5050.0,4960.0,5010.0,6927.0,000180
2026-09-22,28450.0,28450.0,27600.0,27950.0,857.0,009770
2026-09-22,25550.0,25600.0,25000.0,25200.0,2702.0,120115
2026-09-22,4430.0,4430.0,4310.0,4355.0,10857.0,155660
2026-09-22,24050.0,25150.0,23950.0,24000.0,13796.0,084670
2026-09-22,5700.0,5770.0,5510.0,5690.0,25136.0,031820
2026-09-22,5950.0,6160.0,5890.0,5930.0,20747.0,000230
2026-09-22,3245.0,3295.0,3200.0,3230.0,31618.0,002720
2026-09-22,1886.0,1907.0,1870.0,1892.0,28796.0,011150
2026-09-22,2025.0,2035.0,1881.0,1913.0,1331752.0,004770
2026-09-22,2350.0,2370.0,2270.0,2365.0,4999.0,007280
2026-09-22,6590.0,6670.0,6430.0,6470.0,49443.0,214330
2026-09-22,1625.0,1645.0,1612.0,1644.0,12820.0,019680
2026-09-22,4080.0,4455.0,4040.0,4390.0,572489.0,014990
2026-09-22,1932.0,1997.0,1899.0,1908.0,39141.0,079980
2026-09-22,3015.0,3055.0,2980.0,2990.0,31341.0,010660
2026-09-22,5250.0,5250.0,5030.0,5140.0,33774.0,004440
2026-09-22,8900.0,8900.0,8500.0,8800.0,11992.0,085310
2026-09-22,4995.0,5030.0,4945.0,5020.0,26859.0,100220
2026-09-22,1564.0,1572.0,1535.0,1569.0,10164.0,010040
2026-09-22,3160.0,3235.0,3135.0,3180.0,253607.0,058730
2026-09-22,2900.0,2900.0,2800.0,2825.0,17512.0,004720
2026-09-22,936.0,937.0,919.0,928.0,522361.0,002700
2026-09-22,3395.0,3500.0,3340.0,3385.0,118546.0,210980
2026-09-22,3400.0,3435.0,3360.0,3435.0,8708.0,017370
2026-09-22,1402.0,1415.0,1390.0,1410.0,24219.0,016090
2026-09-22,1367.0,1466.0,1314.0,1330.0,53840.0,018500
2026-09-22,1442.0,1690.0,1442.0,1494.0,1290169.0,009200
2026-09-22,4420.0,4460.0,4350.0,4400.0,24466.0,005870
2026-09-22,6210.0,6210.0,6120.0,6190.0,6820.0,068290
2026-09-22,1895.0,1942.0,1847.0,1896.0,165665.0,480370
2026-09-22,4850.0,4850.0,4750.0,4795.0,32658.0,072130
2026-09-22,2475.0,2565.0,2475.0,2520.0,253430.0,0220WL
2026-09-22,27600.0,28000.0,26700.0,27600.0,684.0,004450
2026-09-22,987.0,1000.0,987.0,987.0,65818.0,002760
2026-09-22,30600.0,32200.0,30600.0,31250.0,3709.0,003925
2026-09-22,3785.0,3790.0,3700.0,3735.0,64428.0,000220
2026-09-22,5100.0,5100.0,4965.0,5050.0,23539.0,006890
2026-09-22,26900.0,27150.0,26600.0,27150.0,1059.0,001465
2026-09-22,54000.0,55300.0,53500.0,55300.0,2918.0,000725
2026-09-22,6440.0,6490.0,6340.0,6420.0,3904.0,111110
2026-09-22,27100.0,27350.0,25850.0,27350.0,3271.0,37550K
2026-09-22,2975.0,3140.0,2940.0,3010.0,30325.0,075180
2026-09-22,2135.0,2155.0,2055.0,2065.0,486692.0,372910
2026-09-22,1585.0,1585.0,1418.0,1437.0,136637.0,396690
2026-09-22,1870.0,1970.0,1782.0,1945.0,126554.0,092440
2026-09-22,19400.0,21000.0,19000.0,19000.0,7034.0,007815
2026-09-22,1880.0,1999.0,1858.0,1887.0,8718.0,129260
2026-09-22,4305.0,4360.0,4250.0,4305.0,40760.0,003780
2026-09-22,10450.0,10760.0,10400.0,10700.0,33159.0,001550
2026-09-22,0.0,0.0,0.0,902.0,0.0,020760
2026-09-22,3660.0,3690.0,3600.0,3690.0,1975.0,025530
2026-09-22,1936.0,1936.0,1821.0,1853.0,184192.0,002630
2026-09-22,4255.0,4315.0,4200.0,4280.0,10016.0,003475
2026-09-22,17830.0,17870.0,17480.0,17690.0,2605.0,006980
2026-09-22,25150.0,26000.0,25050.0,25700.0,4036.0,28513K
2026-09-22,2855.0,2970.0,2810.0,2855.0,32247.0,378850
2026-09-22,976.0,999.0,972.0,972.0,96394.0,090080
2026-09-22,0.0,0.0,0.0,1935.0,0.0,002410
2026-09-22,41600.0,42900.0,41100.0,42900.0,229.0,006125
2026-09-22,49600.0,51800.0,49100.0,49950.0,3820.0,011390
2026-09-22,3410.0,3410.0,3310.0,3380.0,10914.0,123700
2026-09-22,2960.0,3090.0,2960.0,3000.0,467.0,003465
2026-09-22,2790.0,2840.0,2690.0,2715.0,283967.0,011230
2026-09-22,1440.0,1499.0,1404.0,1421.0,97953.0,012690
2026-09-22,29850.0,39250.0,29100.0,30700.0,1270.0,000950
2026-09-22,5170.0,5260.0,5050.0,5130.0,14335.0,023810
2026-09-22,3240.0,3300.0,3110.0,3270.0,19320.0,004830
2026-09-22,1090.0,1100.0,1063.0,1080.0,126657.0,021050
2026-09-22,3500.0,3520.0,3450.0,3490.0,22457.0,010770
2026-09-22,2045.0,2095.0,2000.0,2050.0,90867.0,007460
2026-09-22,4330.0,4330.0,4135.0,4290.0,22443.0,006880
2026-09-22,65200.0,65200.0,64800.0,65200.0,234.0,005305
2026-09-22,22500.0,24350.0,22500.0,23800.0,29208.0,35320K
2026-09-22,0.0,0.0,0.0,1131.0,0.0,009190
2026-09-22,2240.0,2250.0,2145.0,2215.0,13264.0,001620
2026-09-22,974.0,1032.0,952.0,998.0,283522.0,009320
2026-09-22,0.0,0.0,0.0,2670.0,0.0,011000
2026-09-22,1952.0,1974.0,1930.0,1936.0,117862.0,002140
2026-09-22,1851.0,1869.0,1827.0,1854.0,68408.0,002920
2026-09-22,1197.0,1242.0,1197.0,1215.0,100698.0,004410
2026-09-22,1877.0,1900.0,1839.0,1900.0,43223.0,357250
2026-09-22,5000.0,5020.0,4600.0,4715.0,10622.0,101140
2026-09-22,0.0,0.0,0.0,907.0,0.0,004920
2026-09-22,2185.0,2205.0,2150.0,2190.0,5697.0,041650
2026-09-22,3005.0,3280.0,2950.0,2995.0,313985.0,000910
2026-09-22,0.0,0.0,0.0,603.0,0.0,007110
2026-09-22,3770.0,3770.0,3475.0,3530.0,225197.0,092780
2026-09-22,2470.0,2960.0,2385.0,2690.0,879371.0,011300
2026-09-22,0.0,0.0,0.0,2660.0,0.0,069460
2026-09-22,2220.0,2295.0,2205.0,2280.0,18473.0,003080
2026-09-22,1222.0,1228.0,1196.0,1218.0,31887.0,004540
2026-09-22,2060.0,2145.0,2000.0,2065.0,302167.0,014910
2026-09-22,0.0,0.0,0.0,486.0,0.0,005030
2026-09-22,0.0,0.0,0.0,5110.0,0.0,074610
2026-09-22,3455.0,3540.0,3445.0,3500.0,15317.0,004910
2026-09-22,2185.0,2250.0,2120.0,2175.0,14470.0,084870
2026-09-22,4030.0,4070.0,3980.0,4000.0,5964.0,023350
2026-09-22,2110.0,2145.0,2080.0,2120.0,43577.0,008420
2026-09-22,2135.0,2155.0,2105.0,2140.0,36493.0,004060
2026-09-22,2140.0,2175.0,2095.0,2130.0,103002.0,026940
2026-09-22,989.0,995.0,973.0,977.0,21141.0,481850
2026-09-22,1250.0,1294.0,1225.0,1244.0,110905.0,017180
2026-09-22,25050.0,25200.0,25000.0,25050.0,1570.0,000215
2026-09-22,1280.0,1280.0,1190.0,1227.0,233857.0,005320
2026-09-22,4070.0,5140.0,4070.0,4185.0,921654.0,011330
2026-09-22,16480.0,16750.0,16180.0,16450.0,6547.0,009835
2026-09-22,1243.0,1300.0,1120.0,1186.0,376879.0,002870
2026-09-22,0.0,0.0,0.0,541.0,0.0,019490
2026-09-22,3930.0,3930.0,3820.0,3875.0,51986.0,446070
2026-09-22,39850.0,41200.0,38500.0,41000.0,80.0,008870
2026-09-22,924.0,1114.0,924.0,972.0,3465665.0,047400
2026-09-22,0.0,0.0,0.0,932.0,0.0,017040
2026-09-22,1953.0,2060.0,1926.0,1963.0,2487.0,009810
2026-09-22,1040.0,1073.0,1001.0,1050.0,35982.0,023960
2026-09-22,1398.0,1440.0,1392.0,1424.0,17363.0,011420
2026-09-22,19060.0,19110.0,18990.0,18990.0,247.0,134790
2026-09-22,1021.0,1021.0,992.0,1019.0,17925.0,133820
2026-09-22,794.0,830.0,783.0,784.0,13067.0,145270
2026-09-22,1215.0,1224.0,1172.0,1178.0,89417.0,027740
2026-09-22,1807.0,1841.0,1807.0,1840.0,8252.0,049800
2026-09-22,3700.0,3795.0,3525.0,3635.0,31640.0,012280
2026-09-22,1320.0,1323.0,1292.0,1299.0,227994.0,000890
2026-09-22,12790.0,12850.0,12720.0,12720.0,227.0,000760
2026-09-22,23000.0,23000.0,21900.0,22550.0,4930.0,009140
2026-09-22,2180.0,2355.0,2145.0,2205.0,5078.0,012160
2026-09-22,1168.0,1210.0,1157.0,1195.0,80793.0,013000
2026-09-22,1588.0,1619.0,1505.0,1617.0,247469.0,051630
2026-09-22,2065.0,2085.0,2000.0,2050.0,47978.0,010640
2026-09-22,9200.0,9280.0,9170.0,9200.0,2049.0,004365
2026-09-22,14370.0,14660.0,14310.0,14660.0,1557.0,005820
2026-09-22,0.0,0.0,0.0,1199.0,0.0,143210
2026-09-22,3080.0,3120.0,3020.0,3050.0,25748.0,008250
2026-09-22,3130.0,3140.0,2955.0,3020.0,79835.0,006370
2026-09-22,1162.0,1208.0,1152.0,1188.0,37199.0,090370
2026-09-22,2585.0,2895.0,2540.0,2585.0,7703.0,009460
2026-09-22,3405.0,3490.0,3400.0,3400.0,7787.0,002880
2026-09-22,4090.0,4170.0,3955.0,4150.0,12170.0,010400
2026-09-22,6690.0,6780.0,6450.0,6530.0,22682.0,003535
2026-09-22,2660.0,2730.0,2580.0,2650.0,9551.0,014130
2026-09-22,2030.0,2500.0,1970.0,2035.0,8836.0,024070
2026-09-22,5990.0,5990.0,5750.0,5840.0,1295.0,001070
2026-09-22,1899.0,1910.0,1885.0,1900.0,21305.0,025750
2026-09-22,2680.0,2700.0,2630.0,2690.0,75481.0,025890
2026-09-22,2460.0,2460.0,2380.0,2405.0,32789.0,088790
2026-09-22,1560.0,1569.0,1525.0,1546.0,22297.0,036420
2026-09-22,1421.0,1460.0,1406.0,1458.0,20576.0,002690
2026-09-22,1275.0,1350.0,1275.0,1337.0,12515.0,118000
2026-09-22,3400.0,3485.0,3230.0,3410.0,8055.0,308170
2026-09-22,1360.0,1470.0,1275.0,1343.0,35965.0,069640
2026-09-22,1930.0,1997.0,1902.0,1907.0,13870.0,006570
2026-09-22,4950.0,5040.0,4730.0,4845.0,15296.0,006740
2026-09-22,4630.0,4660.0,4555.0,4570.0,74311.0,003680
2026-09-22,1030.0,1044.0,1017.0,1035.0,13995.0,007120
2026-09-22,13950.0,14460.0,13860.0,13990.0,2173.0,019175
2026-09-22,916.0,916.0,890.0,895.0,24402.0,357430
2026-09-22,10230.0,10780.0,10050.0,10220.0,100175.0,006345
2026-09-22,4110.0,4590.0,4100.0,4180.0,61616.0,033250
2026-09-22,0.0,0.0,0.0,1254.0,0.0,005110
2026-09-22,1187.0,1205.0,1157.0,1172.0,80851.0,001380
2026-09-22,1625.0,1625.0,1581.0,1601.0,135740.0,003060
2026-09-22,1800.0,1827.0,1710.0,1787.0,46525.0,071950
2026-09-22,3945.0,3945.0,3895.0,3945.0,31740.0,002355
2026-09-22,4225.0,4275.0,4105.0,4105.0,942.0,023150
2026-09-22,1462.0,1500.0,1462.0,1500.0,10387.0,33637K
2026-09-22,5460.0,5630.0,5410.0,5540.0,8371.0,004270
2026-09-22,21950.0,22450.0,21700.0,22200.0,8765.0,003495
2026-09-22,1534.0,1554.0,1381.0,1381.0,177256.0,006490
2026-09-22,5040.0,5220.0,5030.0,5140.0,16550.0,030720
2026-09-22,1801.0,2250.0,1801.0,2120.0,292486.0,002360
2026-09-22,0.0,0.0,0.0,5330.0,0.0,009310
2026-09-22,7790.0,8040.0,7670.0,7800.0,120.0,33626L
2026-09-22,1241.0,1250.0,1213.0,1222.0,176499.0,005360
2026-09-22,909.0,1069.0,880.0,1009.0,509865.0,004870
2026-09-22,2985.0,3050.0,2905.0,2950.0,25830.0,001420
2026-09-22,28050.0,29550.0,27800.0,28050.0,1364.0,008775
2026-09-22,3130.0,3140.0,2800.0,2820.0,43679.0,012170
2026-09-22,24950.0,24950.0,24800.0,24850.0,57.0,00499K
2026-09-22,1635.0,1705.0,1530.0,1683.0,108408.0,011090
2026-09-22,0.0,0.0,0.0,928.0,0.0,015020
2026-09-22,1064.0,1065.0,1005.0,1010.0,34430.0,000040
2026-09-22,14440.0,14450.0,14290.0,14440.0,1351.0,001685
2026-09-22,2600.0,2730.0,2520.0,2675.0,281715.0,465770
2026-09-22,18490.0,18590.0,18140.0,18400.0,252.0,108675
2026-09-22,4000.0,4035.0,3800.0,3855.0,66059.0,002070
2026-09-22,305.0,308.0,292.0,296.0,1056336.0,093240
2026-09-22,1970.0,1990.0,1901.0,1935.0,11327.0,006200
2026-09-22,0.0,0.0,0.0,2620.0,0.0,008600
2026-09-22,0.0,0.0,0.0,756.0,0.0,009440
2026-09-22,1440.0,1457.0,1389.0,1423.0,41013.0,002820
2026-09-22,30450.0,31950.0,30150.0,30950.0,2011.0,18064K
2026-09-22,18240.0,18500.0,18240.0,18490.0,11.0,005257
2026-09-22,4250.0,4300.0,4250.0,4300.0,5.0,005725
2026-09-22,20750.0,20750.0,20525.0,20525.0,51.0,0106J0
2026-09-22,13000.0,13090.0,12860.0,13090.0,5683.0,002025
2026-09-22,1696.0,1709.0,1658.0,1707.0,47023.0,024890
2026-09-22,12350.0,12350.0,12220.0,12350.0,224.0,000087
2026-09-22,2110.0,2170.0,2095.0,2110.0,7672.0,001795
2026-09-22,4595.0,4595.0,4510.0,4550.0,4944.0,45226K
2026-09-22,10630.0,10630.0,10460.0,10520.0,3757.0,00806K
2026-09-22,278.0,278.0,259.0,263.0,935160.0,015260
2026-09-22,33050.0,33050.0,33050.0,33050.0,20.0,145995
2026-09-22,7680.0,8500.0,7300.0,8300.0,1455.0,38380K
2026-09-22,3455.0,3750.0,3455.0,3680.0,78058.0,004105
2026-09-22,13090.0,13090.0,13050.0,13050.0,1137.0,084695
2026-09-22,14570.0,15690.0,14320.0,14330.0,11117.0,00781K
2026-09-22,10095.0,10095.0,10095.0,10095.0,1.0,0120X0
2026-09-22,50400.0,50400.0,50400.0,50400.0,1.0,001067
2026-09-22,1892.0,1892.0,1865.0,1885.0,1174.0,004255
2026-09-22,13100.0,13890.0,12920.0,13020.0,188.0,003075
2026-09-22,989.0,989.0,979.0,988.0,34885.0,019685
2026-09-22,0.0,0.0,0.0,2240.0,0.0,145210
2026-09-22,19290.0,19440.0,19240.0,19360.0,577.0,001755
2026-09-22,2305.0,2305.0,2225.0,2285.0,604.0,33637L
2026-09-22,3675.0,3695.0,3625.0,3635.0,4433.0,000225
2026-09-22,4100.0,4115.0,4010.0,4010.0,1832.0,001515
2026-09-22,22950.0,22950.0,22100.0,22100.0,54.0,001065
2026-09-22,27100.0,27950.0,27100.0,27750.0,22.0,000325
2026-09-22,9300.0,9300.0,8970.0,9170.0,488.0,004985
2026-09-22,5150.0,5310.0,5150.0,5170.0,12418.0,012205
2026-09-22,4300.0,4500.0,4150.0,4320.0,17639.0,004835
2026-09-22,485.0,502.0,427.0,427.0,477285.0,044380
2026-09-22,7450.0,7450.0,7330.0,7420.0,24.0,26490K
2026-09-22,5250.0,5270.0,4700.0,4700.0,80815.0,001770
2026-09-22,11800.0,11960.0,11350.0,11350.0,391.0,090355
2026-09-22,17290.0,17290.0,16820.0,17000.0,4613.0,002995
2026-09-22,5810.0,5830.0,5790.0,5790.0,348.0,000545
2026-09-22,9190.0,9190.0,9190.0,9190.0,501.0,000145
2026-09-22,6390.0,6390.0,6240.0,6270.0,378.0,009415
2026-09-22,17400.0,17400.0,17250.0,17300.0,124.0,005965
2026-09-22,2995.0,3200.0,2710.0,3200.0,3119.0,36328K
2026-09-22,13800.0,13890.0,13310.0,13310.0,182.0,014825
2026-09-22,7680.0,7680.0,7570.0,7650.0,195.0,007575
2026-09-22,5450.0,5490.0,5390.0,5490.0,413.0,014285
2026-09-22,5190.0,5300.0,5190.0,5250.0,137.0,005745
2026-09-22,4760.0,4850.0,4760.0,4850.0,1324.0,014915
2026-09-22,7870.0,7870.0,7690.0,7690.0,421.0,000227
2026-09-22,8510.0,8520.0,8310.0,8430.0,6311.0,001525
2026-09-22,7100.0,7100.0,6960.0,7100.0,152.0,008355
2026-09-22,3790.0,3790.0,3305.0,3305.0,935.0,004545
2026-09-22,5730.0,5900.0,5720.0,5890.0,1062.0,011155
2026-09-22,5500.0,5500.0,5090.0,5180.0,3543.0,001527
2026-09-22,4440.0,4440.0,4305.0,4305.0,1049.0,004415
2026-09-22,10420.0,10420.0,10100.0,10390.0,1170.0,002785
2026-09-22,14050.0,14450.0,14050.0,14120.0,1357.0,002787
2026-09-22,257000.0,257500.0,247500.0,249500.0,276847.0,196170
2026-09-22,81000.0,81700.0,79900.0,80200.0,337516.0,086520
2026-09-22,104700.0,106200.0,103400.0,104600.0,274754.0,247540
2026-09-22,212000.0,213500.0,200500.0,203500.0,894576.0,036930
2026-09-22,444500.0,453500.0,437000.0,442000.0,59474.0,277810
2026-09-22,133000.0,134900.0,125600.0,130500.0,1374219.0,240810
2026-09-22,491000.0,494500.0,472000.0,476500.0,80702.0,039030
2026-09-22,71300.0,76900.0,70400.0,75500.0,1795192.0,058470
2026-09-22,138600.0,156600.0,138400.0,148900.0,1870126.0,222800
2026-09-22,56000.0,56000.0,53400.0,54100.0,1276316.0,403870
2026-09-22,308000.0,313500.0,297500.0,302500.0,280855.0,108490
2026-09-22,216000.0,221500.0,204000.0,207500.0,226430.0,095340
2026-09-22,31950.0,32150.0,30850.0,31150.0,576275.0,028300
2026-09-22,138500.0,139200.0,129300.0,131900.0,222893.0,319660
2026-09-22,162900.0,163800.0,158500.0,161800.0,65829.0,000250
2026-09-22,68000.0,73000.0,67000.0,72300.0,638496.0,440110
2026-09-22,144900.0,152800.0,143400.0,150200.0,151003.0,084370
2026-09-22,172000.0,173200.0,157400.0,158200.0,174414.0,031980
2026-09-22,328500.0,329500.0,322500.0,323500.0,60271.0,214450
2026-09-22,158600.0,158600.0,141700.0,143800.0,244757.0,087010
2026-09-22,275000.0,282500.0,262500.0,281000.0,97212.0,131290
2026-09-22,272500.0,282000.0,269000.0,273500.0,36106.0,064760
2026-09-22,45200.0,47850.0,44100.0,45950.0,3844529.0,067310
2026-09-22,82200.0,82300.0,79900.0,80100.0,152873.0,141080
2026-09-22,151200.0,153800.0,145900.0,148600.0,173613.0,095610
2026-09-22,53300.0,53400.0,50500.0,51100.0,457081.0,298380
2026-09-22,18230.0,18750.0,17470.0,17850.0,10766623.0,010170
2026-09-22,153000.0,159800.0,145500.0,149600.0,102351.0,310210
2026-09-22,345500.0,347500.0,333500.0,338000.0,15954.0,357780
2026-09-22,78000.0,80100.0,72100.0,76300.0,1444233.0,080220
2026-09-22,41200.0,42050.0,39650.0,39950.0,859673.0,257720
2026-09-22,79500.0,82000.0,78200.0,78800.0,101901.0,140410
2026-09-22,205000.0,205500.0,188200.0,190300.0,204511.0,145020
2026-09-22,21950.0,21950.0,21200.0,21350.0,843151.0,319400
2026-09-22,105700.0,106600.0,101800.0,102800.0,181195.0,226950
2026-09-22,13630.0,13800.0,13180.0,13430.0,5641883.0,032820
2026-09-22,43400.0,43600.0,42550.0,43150.0,329055.0,005290
2026-09-22,100700.0,100800.0,98000.0,99100.0,200795.0,058610
2026-09-22,34800.0,35650.0,32100.0,33950.0,218977.0,263750
2026-09-22,40550.0,40600.0,38800.0,39050.0,55039.0,214370
2026-09-22,27250.0,28700.0,26200.0,27050.0,5476915.0,043260
2026-09-22,27100.0,27500.0,26300.0,26350.0,1212583.0,030530
2026-09-22,32900.0,33050.0,30750.0,31800.0,998177.0,178320
2026-09-22,31250.0,31250.0,30450.0,30700.0,90066.0,214150
2026-09-22,62500.0,65200.0,61500.0,64200.0,609616.0,083650
2026-09-22,44800.0,45450.0,42400.0,43000.0,638823.0,347850
2026-09-22,29000.0,29550.0,28500.0,28900.0,1221883.0,098460
2026-09-22,84300.0,84700.0,81100.0,82400.0,127540.0,041510
2026-09-22,92100.0,93000.0,90200.0,90200.0,42996.0,237690
2026-09-22,98500.0,100800.0,91500.0,93200.0,433364.0,131970
2026-09-22,48900.0,49500.0,47000.0,47850.0,680695.0,089030
2026-09-22,255000.0,263000.0,248500.0,252500.0,42138.0,140860
2026-09-22,10730.0,11160.0,10300.0,10630.0,15069092.0,036540
2026-09-22,39550.0,39750.0,38750.0,39050.0,37004.0,068760
2026-09-22,33150.0,33550.0,32700.0,33050.0,113089.0,060370
2026-09-22,54900.0,55000.0,52800.0,53700.0,466358.0,437730
2026-09-22,25050.0,25250.0,24750.0,24850.0,115822.0,007390
2026-09-22,34000.0,34425.0,33700.0,34200.0,210566.0,096530
2026-09-22,32300.0,33350.0,30500.0,30950.0,697800.0,183300
2026-09-22,60900.0,60900.0,58100.0,58700.0,582477.0,218410
2026-09-22,115300.0,122200.0,113500.0,118900.0,376016.0,420770
2026-09-22,57900.0,58900.0,56000.0,57200.0,671798.0,089970
2026-09-22,25200.0,26750.0,24500.0,25250.0,1955632.0,204270
2026-09-22,46900.0,48700.0,45900.0,46550.0,392962.0,323280
2026-09-22,36200.0,37000.0,35950.0,36100.0,68511.0,039200
2026-09-22,21850.0,22150.0,20900.0,21100.0,133603.0,0009K0
2026-09-22,90100.0,90100.0,86700.0,87200.0,108366.0,078600
2026-09-22,129000.0,133200.0,126700.0,127500.0,68370.0,241710
2026-09-22,38250.0,38350.0,37500.0,37750.0,189361.0,035900
2026-09-22,29650.0,30200.0,28850.0,29100.0,208083.0,082920
2026-09-22,15390.0,15940.0,15150.0,15380.0,513023.0,950160
2026-09-22,46300.0,48600.0,46100.0,46750.0,124256.0,290650
2026-09-22,10870.0,10970.0,10740.0,10780.0,343031.0,003380
2026-09-22,34700.0,34700.0,32200.0,32450.0,135842.0,127120
2026-09-22,14310.0,15550.0,13920.0,14300.0,7897833.0,232140
2026-09-22,23550.0,23550.0,22100.0,22600.0,956085.0,347700
2026-09-22,21200.0,24100.0,20850.0,22850.0,5185167.0,950260
2026-09-22,58200.0,58300.0,56200.0,57000.0,89873.0,166090
2026-09-22,38950.0,39400.0,38400.0,38500.0,97005.0,195940
2026-09-22,41200.0,46500.0,41050.0,44600.0,2484354.0,356860
2026-09-22,18300.0,18300.0,15950.0,17350.0,697494.0,252990
2026-09-22,29100.0,29150.0,27800.0,28000.0,114219.0,056190
2026-09-22,26000.0,26900.0,25300.0,25450.0,214972.0,458870
2026-09-22,8990.0,8990.0,8780.0,8920.0,200722.0,293490
2026-09-22,21000.0,21100.0,20000.0,20400.0,376760.0,086450
2026-09-22,44500.0,44750.0,42450.0,43050.0,214304.0,101490
2026-09-22,13950.0,14270.0,13050.0,13490.0,1176001.0,417200
2026-09-22,16980.0,17950.0,16910.0,17180.0,648477.0,100790
2026-09-22,29850.0,30650.0,28200.0,29300.0,292831.0,160190
2026-09-22,49100.0,49800.0,48300.0,48950.0,159723.0,083450
2026-09-22,54000.0,58000.0,53500.0,54600.0,776165.0,119850
2026-09-22,76500.0,79600.0,76100.0,78500.0,67538.0,099320
2026-09-22,49500.0,50100.0,46800.0,47750.0,794340.0,327260
2026-09-22,32750.0,33300.0,31350.0,32200.0,173010.0,014620
2026-09-22,31050.0,31500.0,30700.0,31000.0,74502.0,065350
2026-09-22,85200.0,87800.0,83700.0,86500.0,99327.0,388210
2026-09-22,38850.0,39500.0,37450.0,38000.0,62300.0,035760
2026-09-22,8400.0,8530.0,8160.0,8280.0,575845.0,031330
2026-09-22,22200.0,22850.0,21700.0,22050.0,90826.0,115180
2026-09-22,48600.0,48600.0,46950.0,47450.0,28415.0,445680
2026-09-22,19210.0,19650.0,18900.0,19340.0,234800.0,032500
2026-09-22,69500.0,70800.0,68300.0,68700.0,16246.0,388720
2026-09-22,40600.0,41000.0,39200.0,39400.0,48005.0,036830
2026-09-22,38150.0,41300.0,37100.0,40250.0,572188.0,044490
2026-09-22,68900.0,72200.0,68400.0,71800.0,119576.0,053800
2026-09-22,43600.0,43750.0,42450.0,42700.0,131351.0,122870
2026-09-22,62100.0,67700.0,59700.0,64400.0,538356.0,425420
2026-09-22,6580.0,6700.0,6250.0,6430.0,1218855.0,090710
2026-09-22,79300.0,81500.0,78400.0,78700.0,120607.0,090360
2026-09-22,48000.0,48900.0,47450.0,47750.0,96429.0,033100
2026-09-22,20100.0,20300.0,19810.0,19830.0,36026.0,032190
2026-09-22,33150.0,33150.0,31700.0,32250.0,169895.0,161580
2026-09-22,29100.0,29300.0,28250.0,28750.0,188519.0,074600
2026-09-22,56800.0,57200.0,53500.0,55100.0,146623.0,041830
2026-09-22,20250.0,22800.0,19900.0,22200.0,1556517.0,059090
2026-09-22,69500.0,71100.0,67600.0,68700.0,61132.0,189300
2026-09-22,29700.0,30100.0,28800.0,29200.0,121847.0,491000
2026-09-22,9730.0,9900.0,9710.0,9850.0,119451.0,041960
2026-09-22,8090.0,8140.0,7770.0,7830.0,203083.0,085660
2026-09-22,55400.0,58100.0,53200.0,56100.0,695711.0,064290
2026-09-22,59500.0,60500.0,57100.0,58300.0,194005.0,295310
2026-09-22,6760.0,7090.0,6360.0,6700.0,284309.0,038500
2026-09-22,30000.0,30050.0,28650.0,28800.0,94678.0,213420
2026-09-22,59200.0,60500.0,57000.0,57600.0,69151.0,251970
2026-09-22,10040.0,10040.0,9480.0,9590.0,854510.0,328130
2026-09-22,10800.0,10990.0,10660.0,10830.0,119406.0,225570
2026-09-22,26850.0,26850.0,25150.0,25400.0,200236.0,476830
2026-09-22,23600.0,23700.0,22850.0,22950.0,161827.0,466100
2026-09-22,27350.0,28200.0,26650.0,27350.0,205539.0,023160
2026-09-22,70500.0,71400.0,69300.0,69700.0,24880.0,171090
2026-09-22,10780.0,10920.0,10400.0,10590.0,250850.0,281740
2026-09-22,11010.0,11090.0,10640.0,10740.0,298130.0,006730
2026-09-22,32700.0,33000.0,31100.0,31600.0,382025.0,122640
2026-09-22,29750.0,30600.0,28600.0,28850.0,142043.0,137400
2026-09-22,137800.0,141800.0,137000.0,140000.0,10380.0,093320
2026-09-22,30800.0,31100.0,28900.0,29100.0,184224.0,124500
2026-09-22,15070.0,15140.0,14620.0,14710.0,163340.0,476060
2026-09-22,73800.0,76900.0,72000.0,72900.0,97497.0,053610
2026-09-22,7080.0,7250.0,6760.0,6790.0,1016184.0,048410
2026-09-22,30400.0,30500.0,29550.0,30250.0,159839.0,036810
2026-09-22,28250.0,28700.0,26800.0,27500.0,324428.0,033640
2026-09-22,52500.0,52600.0,50800.0,51400.0,47721.0,121600
2026-09-22,7890.0,7890.0,7410.0,7520.0,1005538.0,033790
2026-09-22,44100.0,44450.0,42850.0,43650.0,54939.0,102710
2026-09-22,21000.0,21150.0,20150.0,20350.0,41204.0,253450
2026-09-22,11530.0,11530.0,10290.0,10360.0,1567749.0,046890
2026-09-22,87000.0,87400.0,80700.0,83000.0,138954.0,126340
2026-09-22,7770.0,7860.0,7440.0,7600.0,326346.0,222080
2026-09-22,12600.0,12930.0,12330.0,12930.0,1039077.0,077360
2026-09-22,13510.0,13510.0,13010.0,13240.0,1254338.0,253590
2026-09-22,9410.0,9750.0,9260.0,9470.0,1355931.0,050890
2026-09-22,28300.0,28450.0,27150.0,27500.0,53181.0,094170
2026-09-22,9270.0,9650.0,8740.0,8840.0,339364.0,358570
2026-09-22,27100.0,27100.0,24450.0,25600.0,1450215.0,475830
2026-09-22,47800.0,47950.0,45000.0,46750.0,334151.0,399720
2026-09-22,41450.0,41750.0,40750.0,41050.0,13128.0,079940
2026-09-22,32200.0,32200.0,31350.0,31450.0,43312.0,045100
2026-09-22,38450.0,38600.0,37550.0,37750.0,35439.0,052400
2026-09-22,5230.0,5630.0,5230.0,5520.0,2889184.0,025980
2026-09-22,16000.0,16400.0,15400.0,15740.0,362466.0,490470
2026-09-22,32150.0,32500.0,31550.0,31900.0,97411.0,456160
2026-09-22,12020.0,12440.0,11850.0,12080.0,1290477.0,144960
2026-09-22,13470.0,13740.0,13000.0,13120.0,200913.0,060250
2026-09-22,7780.0,7910.0,7310.0,7700.0,218191.0,052020
2026-09-22,12700.0,12830.0,12440.0,12510.0,87290.0,009520
2026-09-22,15160.0,15290.0,14950.0,15020.0,84445.0,112040
2026-09-22,31750.0,31750.0,30350.0,30650.0,43035.0,101160
2026-09-22,67200.0,70000.0,66000.0,69000.0,38359.0,214430
2026-09-22,30900.0,31100.0,30025.0,30550.0,67032.0,037460
2026-09-22,38150.0,39000.0,36300.0,38000.0,281428.0,092870
2026-09-22,68300.0,69200.0,67200.0,67700.0,18815.0,086900
2026-09-22,29200.0,29300.0,27950.0,28300.0,94368.0,376900
2026-09-22,10310.0,10310.0,9900.0,10010.0,75265.0,211050
2026-09-22,18470.0,18570.0,17700.0,17830.0,113333.0,397030
2026-09-22,16510.0,16850.0,16140.0,16290.0,108242.0,033500
2026-09-22,23500.0,24100.0,22550.0,23050.0,389292.0,080580
2026-09-22,75700.0,78000.0,74000.0,76900.0,17496.0,219130
2026-09-22,19100.0,22550.0,18620.0,22550.0,2447794.0,486990
2026-09-22,6200.0,6610.0,5880.0,6020.0,11535793.0,041190
2026-09-22,4035.0,4075.0,3900.0,3950.0,3114178.0,027360
2026-09-22,17910.0,18040.0,16110.0,16740.0,2544205.0,356680
2026-09-22,2310.0,2350.0,2245.0,2300.0,308708.0,035890
2026-09-22,10550.0,10590.0,10360.0,10420.0,88292.0,082270
2026-09-22,58500.0,59200.0,55800.0,56900.0,123709.0,098120
2026-09-22,16040.0,16160.0,15850.0,15970.0,25085.0,099190
2026-09-22,103600.0,104200.0,103300.0,103900.0,574.0,034950
2026-09-22,12760.0,13120.0,12440.0,12670.0,485014.0,019210
2026-09-22,12970.0,12970.0,11680.0,12310.0,376352.0,056080
2026-09-22,13210.0,13260.0,13040.0,13120.0,61976.0,460930
2026-09-22,5920.0,5980.0,5800.0,5810.0,208412.0,015750
2026-09-22,20300.0,20500.0,19420.0,19800.0,364532.0,348340
2026-09-22,22050.0,22300.0,21500.0,21850.0,99353.0,383310
2026-09-22,26150.0,26600.0,23500.0,24200.0,4740256.0,386380
2026-09-22,14700.0,14920.0,14150.0,14270.0,73780.0,024850
2026-09-22,12530.0,13350.0,12170.0,12410.0,3012621.0,125490
2026-09-22,28600.0,29000.0,26950.0,27050.0,138448.0,089890
2026-09-22,28300.0,28300.0,27350.0,27900.0,73987.0,340570
2026-09-22,35250.0,35650.0,34400.0,34600.0,26091.0,365340
2026-09-22,20600.0,20950.0,20150.0,20300.0,105769.0,348370
2026-09-22,36950.0,38000.0,36400.0,37700.0,35414.0,013030
2026-09-22,41400.0,41800.0,39500.0,39950.0,96440.0,468530
2026-09-22,4175.0,4190.0,3900.0,3930.0,5129014.0,069540
2026-09-22,13500.0,13900.0,13250.0,13460.0,196178.0,368770
2026-09-22,4960.0,5030.0,4885.0,4920.0,291115.0,336570
2026-09-22,27400.0,29450.0,27050.0,28700.0,597525.0,078350
2026-09-22,35500.0,35750.0,34200.0,34700.0,48267.0,104830
2026-09-22,21700.0,22100.0,20650.0,21450.0,291920.0,290550
2026-09-22,6430.0,6860.0,6240.0,6630.0,1189141.0,187660
2026-09-22,34500.0,35300.0,34050.0,34950.0,83879.0,078340
2026-09-22,35900.0,36150.0,34350.0,34450.0,65001.0,278280
2026-09-22,37050.0,37250.0,36350.0,36700.0,26445.0,067160
2026-09-22,21300.0,21400.0,20700.0,21050.0,114005.0,272290
2026-09-22,40450.0,41900.0,39100.0,40650.0,22820.0,241770
2026-09-22,5830.0,5890.0,5670.0,5850.0,706909.0,204620
2026-09-22,9440.0,9440.0,8640.0,8880.0,2717234.0,332570
2026-09-22,16930.0,16980.0,16470.0,16530.0,105883.0,030520
2026-09-22,11530.0,11580.0,11250.0,11370.0,118279.0,018290
2026-09-22,17300.0,17390.0,16680.0,16700.0,47571.0,376300
2026-09-22,21250.0,22750.0,21250.0,22300.0,706251.0,477850
2026-09-22,15170.0,16600.0,15010.0,15810.0,2188127.0,033160
2026-09-22,19740.0,20200.0,19170.0,19440.0,133396.0,174900
2026-09-22,4805.0,4830.0,4590.0,4625.0,353701.0,101730
2026-09-22,23400.0,23600.0,22650.0,23050.0,90339.0,089010
2026-09-22,17840.0,17890.0,17490.0,17800.0,35999.0,095660
2026-09-22,3405.0,3495.0,3390.0,3410.0,66971.0,078130
2026-09-22,14090.0,14090.0,13200.0,13510.0,105857.0,114810
2026-09-22,36200.0,36650.0,36050.0,36200.0,29526.0,215200
2026-09-22,23250.0,23750.0,23100.0,23400.0,53367.0,092730
2026-09-22,7560.0,7770.0,7470.0,7620.0,1335928.0,006910
2026-09-22,35750.0,37200.0,34950.0,35400.0,180155.0,170920
2026-09-22,11670.0,12010.0,11430.0,11510.0,547006.0,439960
2026-09-22,27700.0,28100.0,27000.0,27500.0,14562.0,475960
2026-09-22,9000.0,9140.0,7950.0,8000.0,255245.0,092190
2026-09-22,15450.0,16290.0,15220.0,16040.0,1407419.0,417840
2026-09-22,6600.0,6750.0,6500.0,6580.0,59677.0,078020
2026-09-22,15270.0,15400.0,14870.0,15080.0,60768.0,042000
2026-09-22,37350.0,40500.0,28900.0,29800.0,13497922.0,0161M0
2026-09-22,17740.0,19800.0,17400.0,19370.0,2837584.0,052710
2026-09-22,32350.0,32750.0,32200.0,32600.0,1700.0,003800
2026-09-22,51100.0,52100.0,51100.0,51800.0,29818.0,236200
2026-09-22,1239.0,1248.0,1210.0,1234.0,1454483.0,018000
2026-09-22,27450.0,27450.0,25850.0,26400.0,133186.0,200710
2026-09-22,27700.0,28850.0,26300.0,28550.0,578279.0,138080
2026-09-22,8690.0,8690.0,8300.0,8340.0,435544.0,441270
2026-09-22,41350.0,41550.0,38400.0,38900.0,101221.0,107640
2026-09-22,9090.0,9090.0,8840.0,8960.0,58543.0,078160
2026-09-22,11510.0,11720.0,11100.0,11320.0,225278.0,079370
2026-09-22,3870.0,3895.0,3755.0,3785.0,350477.0,025320
2026-09-22,34000.0,34700.0,32950.0,33300.0,60434.0,348210
2026-09-22,8180.0,8250.0,7710.0,7950.0,955846.0,200470
2026-09-22,11080.0,11230.0,10940.0,11110.0,65306.0,069080
2026-09-22,7690.0,7740.0,7360.0,7540.0,123755.0,036800
2026-09-22,28250.0,29100.0,27250.0,28050.0,206223.0,330860
2026-09-22,6890.0,6980.0,6720.0,6750.0,38350.0,025900
2026-09-22,58200.0,58200.0,55200.0,55800.0,55659.0,448900
2026-09-22,8000.0,8200.0,7520.0,7710.0,1942894.0,046970
2026-09-22,10320.0,10320.0,9870.0,9980.0,135533.0,393890
2026-09-22,41300.0,43200.0,39650.0,40900.0,166144.0,452430
2026-09-22,28200.0,29800.0,28200.0,28350.0,58134.0,093520
2026-09-22,25700.0,25700.0,24950.0,25100.0,75412.0,389470
2026-09-22,4490.0,4685.0,4350.0,4385.0,1705597.0,064260
2026-09-22,3760.0,3790.0,3655.0,3675.0,158795.0,036620
2026-09-22,7850.0,7850.0,7670.0,7700.0,6429.0,121440
2026-09-22,3695.0,3720.0,3480.0,3550.0,244385.0,900290
2026-09-22,8110.0,8320.0,7740.0,7970.0,199137.0,060280
2026-09-22,21750.0,21800.0,21150.0,21350.0,21478.0,455900
2026-09-22,22050.0,23000.0,21700.0,22650.0,926747.0,456010
2026-09-22,17830.0,18030.0,17000.0,17110.0,92051.0,110990
2026-09-22,22650.0,24500.0,22150.0,24250.0,207524.0,159010
2026-09-22,21600.0,21650.0,20450.0,20850.0,95634.0,039440
2026-09-22,2680.0,2730.0,2520.0,2625.0,194750.0,067630
2026-09-22,14630.0,14790.0,13560.0,14290.0,159462.0,168360
2026-09-22,21100.0,21350.0,20800.0,20950.0,17546.0,372320
2026-09-22,2210.0,2300.0,2205.0,2240.0,545483.0,215600
2026-09-22,10840.0,10860.0,10490.0,10640.0,75768.0,488900
2026-09-22,8350.0,8470.0,8300.0,8370.0,81082.0,206650
2026-09-22,11270.0,14140.0,10810.0,13330.0,23219113.0,012210
2026-09-22,32600.0,35350.0,32450.0,34000.0,43410.0,199800
2026-09-22,4370.0,4430.0,4250.0,4330.0,438401.0,061970
2026-09-22,22300.0,22300.0,21850.0,22100.0,10431.0,352480
2026-09-22,13920.0,14180.0,13540.0,13700.0,117473.0,482630
2026-09-22,14290.0,14530.0,14160.0,14450.0,65113.0,017890
2026-09-22,13420.0,13420.0,13100.0,13230.0,54266.0,117730
2026-09-22,21800.0,22600.0,21000.0,21300.0,602486.0,234340
2026-09-22,7990.0,8030.0,7540.0,7940.0,14672.0,025770
2026-09-22,4610.0,4635.0,4550.0,4585.0,155753.0,035810
2026-09-22,12040.0,12360.0,11880.0,11990.0,53913.0,071200
2026-09-22,6400.0,6510.0,6330.0,6380.0,9346.0,101930
2026-09-22,42700.0,45300.0,42400.0,43700.0,183217.0,389500
2026-09-22,11100.0,11330.0,10640.0,11080.0,1656046.0,042370
2026-09-22,24450.0,27350.0,24000.0,26050.0,330338.0,098070
2026-09-22,3240.0,3260.0,3125.0,3155.0,853385.0,424870
2026-09-22,26400.0,26600.0,25350.0,26350.0,109495.0,160980
2026-09-22,4220.0,4295.0,4170.0,4185.0,120808.0,099440
2026-09-22,9600.0,9610.0,9170.0,9300.0,233014.0,036200
2026-09-22,18140.0,18490.0,18070.0,18100.0,76355.0,049070
2026-09-22,19140.0,19220.0,18670.0,18880.0,60418.0,265520
2026-09-22,5010.0,5010.0,4865.0,4930.0,17444.0,472850
2026-09-22,23200.0,23350.0,23000.0,23200.0,8615.0,054950
2026-09-22,2640.0,2655.0,2630.0,2640.0,134321.0,136480
2026-09-22,6460.0,7090.0,6330.0,6440.0,8529670.0,024840
2026-09-22,21600.0,21800.0,20650.0,20950.0,166236.0,091580
2026-09-22,2790.0,2840.0,2645.0,2710.0,3785438.0,203650
2026-09-22,9410.0,9930.0,9120.0,9470.0,560570.0,446540
2026-09-22,16250.0,16460.0,15880.0,16060.0,27328.0,092460
2026-09-22,9980.0,10000.0,9910.0,9970.0,41722.0,035600
2026-09-22,12970.0,13280.0,12370.0,12520.0,2260746.0,425040
2026-09-22,24850.0,24950.0,24100.0,24250.0,26951.0,200670
2026-09-22,21800.0,22200.0,21250.0,21500.0,40873.0,084110
2026-09-22,9060.0,9400.0,9000.0,9150.0,10248.0,448280
2026-09-22,11190.0,11270.0,10700.0,10830.0,159534.0,228760
2026-09-22,7300.0,7410.0,7110.0,7210.0,136051.0,216080
2026-09-22,0.0,0.0,0.0,21000.0,0.0,309710
2026-09-22,6500.0,6580.0,6450.0,6470.0,64405.0,484590
2026-09-22,27900.0,28250.0,25900.0,26400.0,179611.0,294570
2026-09-22,0.0,0.0,0.0,3670.0,0.0,182400
2026-09-22,12130.0,12300.0,11960.0,12050.0,38727.0,036890
2026-09-22,9330.0,9800.0,9130.0,9540.0,411748.0,068930
2026-09-22,13000.0,13050.0,12200.0,12450.0,239365.0,086390
2026-09-22,17600.0,17740.0,17580.0,17650.0,14129.0,043150
2026-09-22,5510.0,5580.0,5430.0,5500.0,45361.0,151860
2026-09-22,5220.0,5260.0,5150.0,5230.0,68954.0,091700
2026-09-22,13150.0,13150.0,12620.0,12760.0,29830.0,317330
2026-09-22,5520.0,5740.0,5450.0,5560.0,206176.0,0011T0
2026-09-22,11000.0,11490.0,10870.0,11020.0,243068.0,060720
2026-09-22,17770.0,17800.0,16350.0,17300.0,72000.0,287840
2026-09-22,33950.0,34250.0,33750.0,33850.0,2518.0,267980
2026-09-22,21750.0,22100.0,21150.0,21850.0,7649.0,051500
2026-09-22,12300.0,12410.0,11900.0,11970.0,35605.0,378340
2026-09-22,13610.0,13730.0,13090.0,13440.0,896092.0,452280
2026-09-22,0.0,0.0,0.0,3320.0,0.0,121800
2026-09-22,15770.0,15880.0,15500.0,15550.0,55695.0,439090
2026-09-22,9930.0,10080.0,9500.0,9640.0,251560.0,394280
2026-09-22,14640.0,16870.0,14160.0,14620.0,15190.0,377450
2026-09-22,0.0,0.0,0.0,4080.0,0.0,377460
2026-09-22,6070.0,6170.0,5820.0,6000.0,90491.0,067390
2026-09-22,18680.0,19090.0,18500.0,18900.0,14385.0,461300
2026-09-22,20950.0,20950.0,19910.0,20150.0,18621.0,304360
2026-09-22,3280.0,3300.0,3235.0,3245.0,182227.0,023410
2026-09-22,12120.0,12310.0,11450.0,11670.0,142792.0,094360
2026-09-22,23150.0,23400.0,21950.0,22700.0,65464.0,484120
2026-09-22,15950.0,16050.0,15470.0,15490.0,42218.0,089980
2026-09-22,17900.0,18180.0,17320.0,17350.0,94081.0,042520
2026-09-22,32150.0,32450.0,31400.0,32300.0,42301.0,073490
2026-09-22,34100.0,34750.0,33000.0,33750.0,2634.0,376270
2026-09-22,25000.0,25250.0,23750.0,24100.0,47952.0,011560
2026-09-22,7920.0,7970.0,7750.0,7850.0,31053.0,064820
2026-09-22,7410.0,7650.0,7270.0,7370.0,341751.0,047920
2026-09-22,4850.0,4960.0,4810.0,4920.0,40026.0,036030
2026-09-22,29900.0,30900.0,29550.0,29950.0,94412.0,272110
2026-09-22,9240.0,9250.0,8870.0,8910.0,308869.0,108860
2026-09-22,22500.0,22550.0,21550.0,21900.0,30564.0,445090
2026-09-22,4935.0,4995.0,4850.0,4950.0,257908.0,019010
2026-09-22,35800.0,37900.0,35350.0,37200.0,128115.0,354320
2026-09-22,13900.0,16310.0,13770.0,15910.0,478429.0,493280
2026-09-22,28550.0,29400.0,28300.0,28450.0,25180.0,389650
2026-09-22,16820.0,17100.0,16000.0,16270.0,126711.0,254490
2026-09-22,11170.0,11340.0,11010.0,11140.0,23987.0,043370
2026-09-22,22450.0,27400.0,22450.0,25300.0,147693.0,065680
2026-09-22,2320.0,2375.0,2270.0,2370.0,31766.0,180400
2026-09-22,3330.0,3385.0,3150.0,3295.0,1995929.0,045390
2026-09-22,45500.0,45500.0,44600.0,44700.0,11065.0,065710
2026-09-22,13050.0,13210.0,12740.0,12780.0,72500.0,389260
2026-09-22,25450.0,26000.0,25300.0,25400.0,24511.0,100120
2026-09-22,19490.0,19600.0,18850.0,19000.0,63191.0,243070
2026-09-22,35350.0,35900.0,34950.0,35750.0,29613.0,215000
2026-09-22,14490.0,16850.0,14220.0,16150.0,781638.0,085910
2026-09-22,23450.0,23850.0,23200.0,23550.0,11196.0,0008Z0
2026-09-22,7760.0,7810.0,7630.0,7720.0,36909.0,200130
2026-09-22,4060.0,4490.0,4045.0,4205.0,1394389.0,036710
2026-09-22,15910.0,16620.0,15460.0,15490.0,14680.0,481070
2026-09-22,1412.0,1412.0,1399.0,1404.0,62856.0,023760
2026-09-22,8550.0,8620.0,8400.0,8480.0,47679.0,114190
2026-09-22,14260.0,14350.0,13740.0,13970.0,56306.0,144510
2026-09-22,3965.0,4260.0,3905.0,4215.0,807851.0,314130
2026-09-22,16030.0,16110.0,15600.0,15640.0,72996.0,190510
2026-09-22,6630.0,6750.0,6450.0,6500.0,203019.0,462350
2026-09-22,24300.0,24850.0,23900.0,24350.0,9721.0,416180
2026-09-22,11300.0,11300.0,10700.0,10960.0,10691.0,005710
2026-09-22,12220.0,12330.0,12020.0,12030.0,45406.0,237880
2026-09-22,5780.0,5970.0,5500.0,5540.0,531127.0,094480
2026-09-22,8310.0,8360.0,7900.0,8170.0,132230.0,241520
2026-09-22,6350.0,6550.0,6100.0,6200.0,926827.0,125020
2026-09-22,4120.0,4170.0,4030.0,4045.0,122619.0,298830
2026-09-22,3240.0,3265.0,2950.0,3005.0,3250164.0,462860
2026-09-22,8530.0,8740.0,8400.0,8440.0,66637.0,0001A0
2026-09-22,18590.0,18690.0,18030.0,18110.0,33016.0,475400
2026-09-22,14770.0,14900.0,14480.0,14520.0,12103.0,018310
2026-09-22,19180.0,19690.0,18610.0,18680.0,38971.0,064850
2026-09-22,5820.0,6040.0,5710.0,5770.0,283191.0,307180
2026-09-22,8550.0,8670.0,8210.0,8240.0,318987.0,064550
2026-09-22,5600.0,5810.0,5480.0,5510.0,92090.0,243840
2026-09-22,3910.0,4120.0,3900.0,3970.0,609639.0,290690
2026-09-22,6600.0,7140.0,6160.0,6350.0,1043677.0,032580
2026-09-22,4270.0,4330.0,4195.0,4280.0,23299.0,950170
2026-09-22,10450.0,10800.0,10160.0,10300.0,121881.0,112290
2026-09-22,33550.0,34750.0,33550.0,34650.0,3276.0,036190
2026-09-22,9120.0,9450.0,9020.0,9360.0,84514.0,365270
2026-09-22,23000.0,23350.0,22450.0,22900.0,26135.0,049430
2026-09-22,4560.0,4620.0,4505.0,4545.0,60791.0,014940
2026-09-22,6310.0,6310.0,6160.0,6250.0,58977.0,353810
2026-09-22,0.0,0.0,0.0,8450.0,0.0,380540
2026-09-22,10950.0,11180.0,10950.0,11090.0,34554.0,067080
2026-09-22,9440.0,9630.0,9250.0,9390.0,36289.0,206640
2026-09-22,24250.0,24400.0,23400.0,23450.0,105469.0,382900
2026-09-22,18710.0,18820.0,18020.0,18270.0,78852.0,199430
2026-09-22,16890.0,16970.0,16460.0,16470.0,27862.0,058970
2026-09-22,10350.0,11530.0,10300.0,10880.0,2726581.0,388050
2026-09-22,23650.0,24850.0,22400.0,23200.0,587760.0,126730
2026-09-22,37750.0,38250.0,36700.0,37200.0,6002.0,061090
2026-09-22,3310.0,3340.0,3200.0,3290.0,96538.0,099430
2026-09-22,15820.0,15870.0,15550.0,15610.0,24636.0,459510
2026-09-22,6620.0,6670.0,6470.0,6520.0,56456.0,095500
2026-09-22,5120.0,5200.0,4990.0,5060.0,134515.0,053300
2026-09-22,5630.0,5940.0,5510.0,5880.0,1382828.0,046120
2026-09-22,6740.0,6790.0,6560.0,6670.0,30594.0,314930
2026-09-22,6120.0,6230.0,5990.0,6010.0,88561.0,053030
2026-09-22,5390.0,5390.0,5030.0,5200.0,23522.0,450950
2026-09-22,33900.0,35950.0,32400.0,33750.0,281894.0,417030
2026-09-22,2135.0,2135.0,2030.0,2065.0,292770.0,217730
2026-09-22,2090.0,2130.0,2010.0,2035.0,1300526.0,078150
2026-09-22,24250.0,24750.0,23500.0,24200.0,237120.0,123330
2026-09-22,0.0,0.0,0.0,2410.0,0.0,080720
2026-09-22,15560.0,15860.0,15180.0,15270.0,128995.0,304100
2026-09-22,3270.0,3980.0,3165.0,3540.0,12346663.0,005160
2026-09-22,2075.0,2110.0,2075.0,2100.0,40277.0,013120
2026-09-22,12090.0,12250.0,11880.0,12090.0,9266.0,036560
2026-09-22,5210.0,5410.0,5100.0,5280.0,247424.0,452450
2026-09-22,5980.0,6010.0,5930.0,5980.0,12023.0,034810
2026-09-22,22650.0,23650.0,22650.0,23150.0,8494.0,042420
2026-09-22,2000.0,2080.0,1981.0,1990.0,198099.0,115450
2026-09-22,29950.0,30450.0,29350.0,30250.0,4825.0,192440
2026-09-22,10690.0,10690.0,10410.0,10570.0,10256.0,052330
2026-09-22,24500.0,25150.0,24500.0,25000.0,2836.0,066620
2026-09-22,12270.0,13000.0,12250.0,12490.0,1514783.0,024060
2026-09-22,0.0,0.0,0.0,994.0,0.0,016790
2026-09-22,12400.0,12490.0,12040.0,12120.0,89269.0,484810
2026-09-22,3065.0,3070.0,2970.0,2980.0,46966.0,126600
2026-09-22,18780.0,19200.0,18540.0,18820.0,117406.0,086670
2026-09-22,10500.0,10810.0,10000.0,10460.0,117923.0,083310
2026-09-22,2885.0,2885.0,2675.0,2700.0,1581899.0,256840
2026-09-22,12160.0,12480.0,12030.0,12240.0,98945.0,094820
2026-09-22,10380.0,10380.0,10000.0,10090.0,49610.0,194700
2026-09-22,17290.0,17490.0,17020.0,17150.0,5435.0,143240
2026-09-22,8140.0,8200.0,8010.0,8060.0,26350.0,084850
2026-09-22,13170.0,13785.0,12930.0,13720.0,173556.0,230240
2026-09-22,14100.0,14270.0,13590.0,14100.0,19205.0,308430
2026-09-22,14100.0,14210.0,13810.0,13960.0,30066.0,214180
2026-09-22,19180.0,19180.0,18800.0,18940.0,23098.0,108380
2026-09-22,6650.0,6660.0,6210.0,6360.0,162198.0,176750
2026-09-22,3295.0,3310.0,3165.0,3220.0,3954562.0,067290
2026-09-22,13920.0,14080.0,13700.0,13740.0,25608.0,102940
2026-09-22,16060.0,16170.0,15840.0,16050.0,42615.0,318060
2026-09-22,11930.0,12230.0,11400.0,11530.0,173405.0,051160
2026-09-22,6340.0,6590.0,6200.0,6320.0,41199.0,293780
2026-09-22,12660.0,12660.0,11650.0,12340.0,96757.0,403850
2026-09-22,17420.0,17980.0,17190.0,17320.0,29016.0,419530
2026-09-22,11850.0,12150.0,11800.0,12040.0,49078.0,083930
2026-09-22,10030.0,10500.0,9610.0,9750.0,100252.0,464080
2026-09-22,15340.0,15600.0,15130.0,15300.0,90160.0,138610
2026-09-22,5850.0,5870.0,5610.0,5740.0,211614.0,264850
2026-09-22,7290.0,8160.0,7290.0,7800.0,192367.0,068790
2026-09-22,14030.0,15980.0,13800.0,15980.0,1051258.0,488280
2026-09-22,14270.0,14360.0,13950.0,14020.0,30285.0,405100
2026-09-22,12860.0,13390.0,12250.0,12600.0,402240.0,149950
2026-09-22,6850.0,7480.0,6710.0,7280.0,808005.0,340450
2026-09-22,14370.0,14370.0,13940.0,14130.0,88635.0,194480
2026-09-22,6860.0,6980.0,6650.0,6780.0,150010.0,054210
2026-09-22,13850.0,14490.0,13850.0,14230.0,3337.0,092130
2026-09-22,15920.0,16010.0,15760.0,15940.0,2714.0,143160
2026-09-22,2885.0,2920.0,2810.0,2810.0,185182.0,082800
2026-09-22,16480.0,16630.0,15430.0,15780.0,66185.0,039830
2026-09-22,13500.0,13630.0,13310.0,13370.0,20601.0,270660
2026-09-22,12420.0,14300.0,11880.0,12280.0,2832861.0,274090
2026-09-22,6510.0,6650.0,6500.0,6590.0,38096.0,122990
2026-09-22,7920.0,7920.0,7500.0,7600.0,197909.0,199820
2026-09-22,9550.0,9690.0,9100.0,9280.0,343662.0,032940
2026-09-22,6380.0,6790.0,6290.0,6480.0,80605.0,086820
2026-09-22,3225.0,3315.0,3075.0,3115.0,695561.0,475040
2026-09-22,6440.0,7800.0,6370.0,7180.0,2331316.0,051370
2026-09-22,10090.0,10170.0,9950.0,10010.0,5466.0,038390
2026-09-22,6820.0,6890.0,6780.0,6820.0,86209.0,118990
2026-09-22,0.0,0.0,0.0,741.0,0.0,245620
2026-09-22,11590.0,11670.0,11210.0,11310.0,21505.0,489460
2026-09-22,7350.0,7350.0,7030.0,7130.0,203570.0,049630
2026-09-22,14800.0,14800.0,14020.0,14200.0,55606.0,0015G0
2026-09-22,2345.0,2345.0,2165.0,2200.0,330556.0,088800
2026-09-22,2975.0,3100.0,2940.0,2980.0,63078.0,204610
2026-09-22,2305.0,2350.0,2255.0,2260.0,307804.0,012860
2026-09-22,1820.0,1847.0,1771.0,1819.0,154282.0,104480
2026-09-22,6200.0,6330.0,6110.0,6220.0,96682.0,119830
2026-09-22,5460.0,5470.0,5110.0,5170.0,691100.0,382800
2026-09-22,30800.0,30950.0,29900.0,30150.0,2007.0,357550
2026-09-22,19460.0,23600.0,19060.0,20450.0,1509486.0,0007C0
2026-09-22,13900.0,14600.0,13850.0,14380.0,39310.0,119610
2026-09-22,13250.0,13390.0,12950.0,13080.0,18114.0,402030
2026-09-22,5850.0,5930.0,5710.0,5870.0,76443.0,123410
2026-09-22,8300.0,8300.0,8120.0,8220.0,6842.0,950140
2026-09-22,17200.0,18000.0,16700.0,17930.0,237679.0,263860
2026-09-22,56100.0,57000.0,55500.0,56200.0,7090.0,260970
2026-09-22,13550.0,14150.0,13120.0,13350.0,10504.0,123860
2026-09-22,3450.0,3560.0,3060.0,3275.0,556662.0,134580
2026-09-22,21400.0,21600.0,20300.0,20600.0,130765.0,355150
2026-09-22,2690.0,2820.0,2655.0,2665.0,1322201.0,289080
2026-09-22,8630.0,8690.0,8250.0,8470.0,129851.0,080160
2026-09-22,9070.0,9130.0,8800.0,8890.0,116124.0,234690
2026-09-22,28300.0,29350.0,27400.0,27750.0,28371.0,474650
2026-09-22,0.0,0.0,0.0,1153.0,0.0,066410
2026-09-22,20100.0,20500.0,19980.0,20000.0,5212.0,372170
2026-09-22,5430.0,5790.0,5060.0,5210.0,1199475.0,388790
2026-09-22,4210.0,4275.0,4155.0,4185.0,136039.0,039860
2026-09-22,2870.0,2870.0,2580.0,2595.0,465283.0,036170
2026-09-22,3075.0,3100.0,3035.0,3050.0,27718.0,032620
2026-09-22,8650.0,8760.0,8440.0,8560.0,81635.0,041920
2026-09-22,4560.0,4685.0,4470.0,4500.0,38055.0,024800
2026-09-22,11890.0,12450.0,11470.0,11910.0,48522.0,0082N0
2026-09-22,10730.0,10890.0,10500.0,10590.0,33270.0,126700
2026-09-22,4750.0,4835.0,4745.0,4800.0,49138.0,013990
2026-09-22,8140.0,8290.0,8040.0,8200.0,11363.0,093190
2026-09-22,26250.0,27000.0,26050.0,26250.0,1133.0,023910
2026-09-22,13200.0,13270.0,13090.0,13200.0,18990.0,072870
2026-09-22,4815.0,4825.0,4725.0,4790.0,11530.0,093640
2026-09-22,10700.0,11200.0,10500.0,10690.0,105570.0,264450
2026-09-22,14480.0,14980.0,14470.0,14540.0,100921.0,226590
2026-09-22,10710.0,11500.0,10580.0,11220.0,182478.0,187870
2026-09-22,5100.0,5100.0,4995.0,5040.0,21123.0,011040
2026-09-22,4440.0,4445.0,4185.0,4245.0,1057758.0,413630
2026-09-22,14700.0,14910.0,14500.0,14910.0,2316.0,054800
2026-09-22,4800.0,4930.0,4745.0,4805.0,29979.0,418550
2026-09-22,11270.0,11590.0,10480.0,10830.0,281587.0,432720
2026-09-22,10190.0,10410.0,10010.0,10080.0,143584.0,054450
2026-09-22,10900.0,12470.0,10870.0,11930.0,406266.0,163730
2026-09-22,7440.0,7460.0,7090.0,7360.0,95085.0,222040
2026-09-22,12570.0,12800.0,12140.0,12440.0,33460.0,041520
2026-09-22,3045.0,3165.0,3010.0,3045.0,203318.0,041020
2026-09-22,10020.0,10030.0,9900.0,10010.0,12719.0,007330
2026-09-22,1868.0,1870.0,1732.0,1806.0,113930.0,205500
2026-09-22,4675.0,4960.0,4610.0,4730.0,386634.0,394800
2026-09-22,25000.0,26000.0,24400.0,25300.0,80171.0,067280
2026-09-22,8680.0,8800.0,8510.0,8750.0,24967.0,078070
2026-09-22,13950.0,14550.0,12800.0,12820.0,1162479.0,478340
2026-09-22,1719.0,1773.0,1677.0,1687.0,372247.0,138360
2026-09-22,9100.0,9250.0,9030.0,9250.0,4912.0,023600
2026-09-22,12980.0,12990.0,12600.0,12790.0,22557.0,092070
2026-09-22,4060.0,4065.0,4000.0,4060.0,52822.0,046440
2026-09-22,4550.0,4550.0,4495.0,4525.0,30579.0,179290
2026-09-22,3600.0,3620.0,3505.0,3560.0,31877.0,086890
2026-09-22,13160.0,13570.0,13020.0,13300.0,9442.0,069510
2026-09-22,16210.0,17140.0,16070.0,16210.0,174213.0,469610
2026-09-22,15410.0,15470.0,15010.0,15420.0,9406.0,049960
2026-09-22,3740.0,3885.0,3700.0,3830.0,1139771.0,047770
2026-09-22,12320.0,12500.0,11230.0,11500.0,791937.0,0015N0
2026-09-22,11690.0,11690.0,11360.0,11620.0,5306.0,042600
2026-09-22,22600.0,23000.0,22400.0,22550.0,18450.0,489500
2026-09-22,10900.0,10920.0,10560.0,10800.0,272.0,005990
2026-09-22,9840.0,9940.0,9430.0,9700.0,5818.0,101970
2026-09-22,14740.0,14740.0,14200.0,14300.0,19511.0,065660
2026-09-22,7090.0,7230.0,7000.0,7150.0,148908.0,147830
2026-09-22,8940.0,8970.0,8560.0,8610.0,59901.0,300080
2026-09-22,5180.0,5350.0,5050.0,5180.0,20984.0,035610
2026-09-22,3995.0,4070.0,3950.0,3980.0,64919.0,148150
2026-09-22,12550.0,12560.0,12350.0,12400.0,8505.0,089600
2026-09-22,9530.0,9540.0,9300.0,9500.0,3963.0,115310
2026-09-22,7990.0,8230.0,7400.0,7460.0,685464.0,0039P0
2026-09-22,8400.0,8490.0,8300.0,8400.0,8794.0,114840
2026-09-22,10590.0,10600.0,10200.0,10340.0,94014.0,212560
2026-09-22,3475.0,3500.0,3310.0,3455.0,346980.0,073010
2026-09-22,3020.0,3080.0,2970.0,3000.0,56252.0,084990
2026-09-22,8020.0,8230.0,7870.0,8010.0,21082.0,445180
2026-09-22,7980.0,8110.0,7640.0,7740.0,252442.0,102120
2026-09-22,3955.0,4175.0,3880.0,3910.0,1027887.0,126640
2026-09-22,7230.0,7860.0,7130.0,7280.0,2707237.0,053260
2026-09-22,5040.0,5100.0,4670.0,4800.0,1283793.0,054920
2026-09-22,7590.0,7700.0,7360.0,7500.0,48203.0,251370
2026-09-22,6200.0,6200.0,5950.0,6020.0,172762.0,220100
2026-09-22,4620.0,4695.0,4470.0,4490.0,49293.0,321550
2026-09-22,10600.0,11280.0,10200.0,10500.0,47655.0,140670
2026-09-22,10500.0,12340.0,10310.0,10530.0,35659.0,146320
2026-09-22,20400.0,20400.0,20200.0,20400.0,5839.0,003100
2026-09-22,10000.0,10480.0,9900.0,10150.0,181645.0,232680
2026-09-22,8130.0,8570.0,8000.0,8150.0,85396.0,451760
2026-09-22,9130.0,9290.0,8590.0,8920.0,111543.0,211270
2026-09-22,14340.0,14850.0,14100.0,14420.0,77541.0,457550
2026-09-22,7220.0,7480.0,7160.0,7310.0,601991.0,059120
2026-09-22,10820.0,11310.0,10680.0,10830.0,10208.0,136540
2026-09-22,8520.0,8520.0,7640.0,8010.0,97034.0,228850
2026-09-22,5670.0,5680.0,5310.0,5420.0,918238.0,158430
2026-09-22,7880.0,7960.0,7370.0,7420.0,575025.0,265740
2026-09-22,12000.0,12000.0,11510.0,11790.0,29259.0,035080
2026-09-22,4050.0,4100.0,3940.0,4000.0,165195.0,417500
2026-09-22,9980.0,10050.0,9960.0,10030.0,14417.0,001540
2026-09-22,13850.0,14460.0,13730.0,13960.0,105318.0,322310
2026-09-22,9120.0,9270.0,9040.0,9120.0,33212.0,049720
2026-09-22,7580.0,7580.0,7310.0,7320.0,39835.0,101360
2026-09-22,13450.0,13670.0,12900.0,13360.0,24836.0,264660
2026-09-22,1484.0,1498.0,1454.0,1473.0,170800.0,048870
2026-09-22,12280.0,12530.0,12160.0,12250.0,28771.0,285490
2026-09-22,9900.0,9900.0,9480.0,9640.0,58911.0,039840
2026-09-22,13270.0,13510.0,12520.0,12840.0,48182.0,290740
2026-09-22,6320.0,6390.0,6130.0,6170.0,373206.0,240550
2026-09-22,6200.0,6300.0,6010.0,6220.0,154659.0,142210
2026-09-22,11990.0,12010.0,11780.0,11900.0,13273.0,038290
2026-09-22,12300.0,13500.0,12180.0,13050.0,186416.0,0088M0
2026-09-22,9930.0,10180.0,9720.0,9900.0,39065.0,950190
2026-09-22,4210.0,4630.0,4000.0,4185.0,399028.0,418420
2026-09-22,1595.0,1613.0,1561.0,1613.0,714.0,080420
2026-09-22,5610.0,6000.0,5610.0,5750.0,274851.0,156100
2026-09-22,6560.0,6750.0,6300.0,6360.0,157565.0,417010
2026-09-22,6030.0,6120.0,5850.0,5980.0,9190.0,021320
2026-09-22,10990.0,11180.0,10720.0,10920.0,29110.0,282880
2026-09-22,6350.0,6410.0,6300.0,6380.0,37720.0,037070
2026-09-22,16900.0,17100.0,16640.0,16840.0,41889.0,079960
2026-09-22,7080.0,8250.0,7000.0,7110.0,49683.0,474170
2026-09-22,8030.0,8300.0,7810.0,7900.0,29460.0,105330
2026-09-22,2915.0,2920.0,2855.0,2920.0,8486.0,408920
2026-09-22,2830.0,2830.0,2735.0,2770.0,82807.0,060150
2026-09-22,0.0,0.0,0.0,2885.0,0.0,036690
2026-09-22,10220.0,10930.0,10210.0,10400.0,306039.0,153890
2026-09-22,2230.0,2245.0,2160.0,2180.0,189837.0,267320
2026-09-22,1130.0,1130.0,1113.0,1123.0,137103.0,027710
2026-09-22,12840.0,13190.0,12600.0,12840.0,16196.0,361390
2026-09-22,2975.0,2990.0,2680.0,2740.0,439623.0,095700
2026-09-22,4565.0,4625.0,4500.0,4550.0,105666.0,297090
2026-09-22,7610.0,7620.0,7100.0,7320.0,240967.0,402490
2026-09-22,1102.0,1152.0,1102.0,1128.0,1418731.0,255220
2026-09-22,8200.0,8410.0,7970.0,8010.0,36057.0,338840
2026-09-22,4025.0,4025.0,3750.0,3845.0,69137.0,220260
2026-09-22,4900.0,4915.0,4720.0,4790.0,73308.0,322510
2026-09-22,1834.0,1897.0,1830.0,1884.0,41146.0,095190
2026-09-22,0.0,0.0,0.0,1190.0,0.0,056090
2026-09-22,4080.0,4080.0,3675.0,3750.0,4270918.0,201490
2026-09-22,3290.0,3330.0,3200.0,3225.0,181928.0,108230
2026-09-22,4650.0,5090.0,4570.0,4620.0,2698355.0,396300
2026-09-22,2330.0,2330.0,2250.0,2265.0,66233.0,307750
2026-09-22,7960.0,8270.0,7800.0,8010.0,57596.0,494120
2026-09-22,6990.0,7080.0,6840.0,6840.0,35774.0,052860
2026-09-22,6750.0,6870.0,6720.0,6840.0,57140.0,041440
2026-09-22,5200.0,5210.0,4980.0,5070.0,519893.0,443670
2026-09-22,11150.0,11250.0,10700.0,10830.0,14314.0,331920
2026-09-22,6270.0,6480.0,6220.0,6310.0,210665.0,008830
2026-09-22,1705.0,1875.0,1650.0,1713.0,11911067.0,321370
2026-09-22,7910.0,8160.0,7740.0,7890.0,283357.0,017510
2026-09-22,5980.0,6070.0,5840.0,5980.0,23780.0,256940
2026-09-22,11180.0,11350.0,10540.0,10790.0,484644.0,042510
2026-09-22,3505.0,3565.0,3305.0,3345.0,542806.0,950250
2026-09-22,13910.0,13910.0,13100.0,13310.0,78980.0,172670
2026-09-22,6770.0,6830.0,6700.0,6750.0,7914.0,009780
2026-09-22,11980.0,12130.0,11610.0,12100.0,9795.0,094840
2026-09-22,10270.0,10300.0,9610.0,9870.0,136755.0,115500
2026-09-22,3030.0,3200.0,2850.0,3095.0,113726.0,290720
2026-09-22,17230.0,17360.0,15180.0,15430.0,544283.0,387690
2026-09-22,3875.0,3920.0,3790.0,3920.0,31132.0,052260
2026-09-22,3800.0,3825.0,3735.0,3810.0,40191.0,049520
2026-09-22,6160.0,6180.0,5850.0,5850.0,617981.0,079650
2026-09-22,7790.0,7990.0,7570.0,7650.0,203277.0,037350
2026-09-22,2990.0,2995.0,2925.0,2970.0,8567.0,336680
2026-09-22,0.0,0.0,0.0,2370.0,0.0,041590
2026-09-22,3145.0,3200.0,3115.0,3170.0,69255.0,047310
2026-09-22,2630.0,2650.0,2555.0,2585.0,30881.0,122450
2026-09-22,3825.0,3955.0,3750.0,3770.0,61902.0,333430
2026-09-22,1225.0,1260.0,1185.0,1218.0,288830.0,293580
2026-09-22,1618.0,1637.0,1555.0,1578.0,450527.0,297890
2026-09-22,0.0,0.0,0.0,1035.0,0.0,051980
2026-09-22,7640.0,7880.0,7550.0,7610.0,5249.0,458650
2026-09-22,5720.0,5850.0,5510.0,5580.0,93840.0,308080
2026-09-22,11810.0,12010.0,11700.0,11840.0,14581.0,051360
2026-09-22,8770.0,8840.0,8420.0,8450.0,33030.0,101170
2026-09-22,8940.0,9450.0,8570.0,8760.0,47554.0,053080
2026-09-22,9320.0,9400.0,9170.0,9360.0,35338.0,141000
2026-09-22,13040.0,13050.0,11890.0,12130.0,373888.0,0011A0
2026-09-22,1842.0,1849.0,1779.0,1804.0,132133.0,086980
2026-09-22,7060.0,7100.0,7000.0,7020.0,15420.0,054050
2026-09-22,16520.0,17180.0,16050.0,16260.0,108670.0,389020
2026-09-22,10200.0,11200.0,10140.0,10290.0,86356.0,475230
2026-09-22,4840.0,4950.0,4640.0,4680.0,475053.0,452190
2026-09-22,7360.0,7480.0,7180.0,7270.0,204268.0,071280
2026-09-22,3795.0,3815.0,3755.0,3800.0,26614.0,067990
2026-09-22,16540.0,16740.0,16400.0,16740.0,241.0,018120
2026-09-22,10620.0,10620.0,10120.0,10180.0,26949.0,473980
2026-09-22,9090.0,9240.0,8950.0,9050.0,56211.0,259630
2026-09-22,2070.0,2170.0,2035.0,2090.0,74305.0,166480
2026-09-22,7780.0,7880.0,7580.0,7660.0,113529.0,474610
2026-09-22,4955.0,4960.0,4895.0,4910.0,41713.0,090850
2026-09-22,7850.0,8000.0,7840.0,7870.0,4100.0,036630
2026-09-22,1700.0,1870.0,1600.0,1780.0,320248.0,175250
2026-09-22,12300.0,14850.0,11630.0,13900.0,2771404.0,0007J0
2026-09-22,3300.0,3325.0,3200.0,3200.0,16236.0,063570
2026-09-22,2360.0,2495.0,2360.0,2385.0,25904.0,217270
2026-09-22,2855.0,2955.0,2810.0,2955.0,418450.0,091440
2026-09-22,6890.0,6960.0,6690.0,6740.0,60664.0,396470
2026-09-22,2240.0,2300.0,2240.0,2275.0,105674.0,246710
2026-09-22,3740.0,3845.0,3560.0,3650.0,262521.0,351320
2026-09-22,5950.0,5970.0,5800.0,5930.0,24884.0,067900
2026-09-22,4920.0,4920.0,4800.0,4880.0,3148.0,039340
2026-09-22,2550.0,2590.0,2470.0,2500.0,139619.0,039560
2026-09-22,10100.0,10240.0,9250.0,9900.0,714593.0,115440
2026-09-22,2280.0,2285.0,2190.0,2240.0,188228.0,040300
2026-09-22,13370.0,13490.0,13170.0,13350.0,19410.0,299030
2026-09-22,2400.0,2400.0,2360.0,2370.0,39222.0,339950
2026-09-22,14640.0,14800.0,14390.0,14800.0,16438.0,120240
2026-09-22,9800.0,10380.0,9450.0,9660.0,126543.0,394420
2026-09-22,1340.0,1408.0,1302.0,1365.0,296469.0,334970
2026-09-22,2320.0,2320.0,2235.0,2235.0,254429.0,217820
2026-09-22,7800.0,8250.0,7760.0,8060.0,75468.0,289930
2026-09-22,11310.0,11670.0,11110.0,11290.0,133003.0,189330
2026-09-22,1524.0,1600.0,1516.0,1528.0,58843.0,073560
2026-09-22,3035.0,3140.0,2990.0,3045.0,230734.0,242040
2026-09-22,9940.0,10030.0,9500.0,9900.0,108828.0,106190
2026-09-22,6700.0,6820.0,6440.0,6780.0,33904.0,130580
2026-09-22,4020.0,4085.0,3895.0,4060.0,52636.0,109740
2026-09-22,5850.0,6480.0,5710.0,5870.0,16723.0,063170
2026-09-22,8430.0,8720.0,8140.0,8270.0,15656.0,311320
2026-09-22,1916.0,1964.0,1851.0,1884.0,79237.0,038540
2026-09-22,3855.0,3945.0,3835.0,3890.0,143869.0,053700
2026-09-22,1083.0,1090.0,1054.0,1074.0,249565.0,048550
2026-09-22,1669.0,1699.0,1639.0,1652.0,76251.0,123040
2026-09-22,1925.0,2080.0,1882.0,1907.0,1301064.0,357880
2026-09-22,3820.0,3940.0,3620.0,3625.0,861437.0,209640
2026-09-22,13900.0,13980.0,12730.0,12800.0,962008.0,072950
2026-09-22,7600.0,7690.0,7430.0,7530.0,50132.0,475580
2026-09-22,5760.0,5840.0,5720.0,5810.0,28911.0,131030
2026-09-22,5990.0,6580.0,5980.0,6160.0,312974.0,125210
2026-09-22,2345.0,2345.0,2270.0,2315.0,194617.0,100700
2026-09-22,6410.0,6570.0,6340.0,6480.0,78701.0,307930
2026-09-22,3735.0,3875.0,3660.0,3710.0,55288.0,059210
2026-09-22,2110.0,2135.0,2050.0,2100.0,228877.0,021080
2026-09-22,1934.0,1940.0,1889.0,1925.0,143243.0,310200
2026-09-22,3490.0,3520.0,3410.0,3510.0,74817.0,006620
2026-09-22,4510.0,4510.0,4260.0,4410.0,30800.0,366030
2026-09-22,2730.0,3485.0,2520.0,2950.0,8973030.0,439580
2026-09-22,7670.0,8170.0,7190.0,7300.0,213953.0,099750
2026-09-22,12850.0,13120.0,12400.0,12550.0,11760.0,453450
2026-09-22,4255.0,4320.0,4060.0,4285.0,20860.0,309960
2026-09-22,0.0,0.0,0.0,6070.0,0.0,246720
2026-09-22,1684.0,1691.0,1611.0,1627.0,727214.0,198440
2026-09-22,3690.0,3690.0,3625.0,3670.0,28842.0,352090
2026-09-22,4345.0,4555.0,4335.0,4475.0,46649.0,053350
2026-09-22,6200.0,7250.0,6200.0,6300.0,12455.0,182360
2026-09-22,11760.0,12180.0,11480.0,11770.0,65769.0,083500
2026-09-22,3045.0,3100.0,3015.0,3035.0,103678.0,250060
2026-09-22,7290.0,7680.0,7210.0,7340.0,209619.0,036010
2026-09-22,5740.0,5750.0,5500.0,5580.0,63114.0,088130
2026-09-22,4360.0,4395.0,4110.0,4195.0,170007.0,323990
2026-09-22,0.0,0.0,0.0,2205.0,0.0,066790
2026-09-22,2045.0,2135.0,1961.0,2030.0,427939.0,306620
2026-09-22,2335.0,3035.0,2330.0,3035.0,14286739.0,303810
2026-09-22,6200.0,6440.0,6050.0,6350.0,332751.0,411080
2026-09-22,2660.0,2780.0,2585.0,2620.0,233569.0,317770
2026-09-22,7480.0,7580.0,7200.0,7360.0,75635.0,217190
2026-09-22,6680.0,6730.0,6610.0,6680.0,6951.0,298540
2026-09-22,9800.0,9930.0,9680.0,9930.0,22006.0,052420
2026-09-22,0.0,0.0,0.0,2530.0,0.0,068240
2026-09-22,2730.0,2815.0,2700.0,2770.0,120913.0,235980
2026-09-22,0.0,0.0,0.0,10800.0,0.0,017650
2026-09-22,3920.0,4050.0,3600.0,3750.0,33116.0,192410
2026-09-22,7060.0,7350.0,7040.0,7220.0,56053.0,173130
2026-09-22,7440.0,7930.0,7360.0,7770.0,17450.0,282720
2026-09-22,7270.0,7310.0,7000.0,7130.0,120945.0,330350
2026-09-22,9590.0,9920.0,9300.0,9620.0,60947.0,348350
2026-09-22,10650.0,10870.0,10390.0,10650.0,18786.0,049950
2026-09-22,3520.0,3740.0,3100.0,3240.0,1043303.0,261780
2026-09-22,1019.0,1059.0,995.0,1049.0,88802.0,074430
2026-09-22,9690.0,9700.0,9200.0,9300.0,584025.0,014950
2026-09-22,4220.0,4250.0,4170.0,4200.0,38984.0,042500
2026-09-22,1441.0,1441.0,1379.0,1381.0,682786.0,205100
2026-09-22,6560.0,6620.0,6430.0,6510.0,29561.0,036220
2026-09-22,3635.0,3770.0,3620.0,3650.0,288462.0,037030
2026-09-22,1890.0,1933.0,1869.0,1902.0,89832.0,109610
2026-09-22,2380.0,2540.0,2195.0,2240.0,2604581.0,162300
2026-09-22,3050.0,3775.0,2965.0,2995.0,1739897.0,187790
2026-09-22,2360.0,2375.0,2280.0,2340.0,288329.0,005860
2026-09-22,7110.0,7110.0,6910.0,7060.0,35588.0,255440
2026-09-22,5100.0,5160.0,4950.0,5000.0,54263.0,002230
2026-09-22,5800.0,5830.0,5800.0,5830.0,4585.0,040420
2026-09-22,3525.0,3750.0,3450.0,3470.0,79317.0,045970
2026-09-22,1531.0,1817.0,1524.0,1595.0,8027349.0,419050
2026-09-22,11350.0,12300.0,11170.0,11300.0,1650165.0,457370
2026-09-22,11670.0,11670.0,11210.0,11330.0,34132.0,493330
2026-09-22,4845.0,4900.0,4800.0,4890.0,1721.0,093920
2026-09-22,7190.0,7600.0,7050.0,7200.0,15672.0,023900
2026-09-22,7220.0,7870.0,7090.0,7410.0,247708.0,380550
2026-09-22,5150.0,5980.0,5070.0,5560.0,352171.0,129920
2026-09-22,1889.0,2075.0,1834.0,1960.0,29498.0,900260
2026-09-22,14170.0,14170.0,13740.0,14140.0,735.0,009300
2026-09-22,7580.0,7800.0,7550.0,7660.0,24869.0,047560
2026-09-22,3000.0,3050.0,2785.0,2985.0,2270203.0,062970
2026-09-22,2140.0,2175.0,2105.0,2175.0,14794.0,357230
2026-09-22,2960.0,2995.0,2825.0,2900.0,34223.0,048530
2026-09-22,4370.0,4480.0,4290.0,4310.0,35231.0,362320
2026-09-22,2305.0,2315.0,2260.0,2300.0,70567.0,066590
2026-09-22,6890.0,8180.0,6630.0,6860.0,7481.0,053580
2026-09-22,2155.0,2165.0,2020.0,2085.0,1057198.0,086960
2026-09-22,2285.0,2315.0,2265.0,2280.0,57270.0,013310
2026-09-22,10270.0,10480.0,10040.0,10050.0,65891.0,432470
2026-09-22,6720.0,6840.0,6670.0,6760.0,77330.0,054540
2026-09-22,8550.0,8560.0,8360.0,8550.0,8499.0,096240
2026-09-22,1222.0,1226.0,1175.0,1178.0,449943.0,307870
2026-09-22,5930.0,6040.0,5800.0,5960.0,154462.0,052460
2026-09-22,1519.0,1547.0,1510.0,1542.0,6175.0,033290
2026-09-22,4070.0,4185.0,3960.0,4010.0,42821.0,322180
2026-09-22,1076.0,1165.0,1075.0,1123.0,1632123.0,052900
2026-09-22,3630.0,3640.0,3400.0,3480.0,1146469.0,223250
2026-09-22,4260.0,4310.0,4050.0,4140.0,182904.0,226400
2026-09-22,9220.0,9280.0,9200.0,9280.0,8102.0,004650
2026-09-22,2410.0,2885.0,2410.0,2885.0,1991482.0,299660
2026-09-22,2885.0,2930.0,2850.0,2885.0,213684.0,065450
2026-09-22,1410.0,1425.0,1380.0,1420.0,99968.0,029480
2026-09-22,10190.0,10190.0,9700.0,9990.0,323126.0,049080
2026-09-22,9120.0,9310.0,9010.0,9150.0,10281.0,072020
2026-09-22,4585.0,5020.0,4515.0,4635.0,16513.0,330730
2026-09-22,6970.0,6970.0,6790.0,6890.0,13073.0,263720
2026-09-22,6670.0,6800.0,6550.0,6700.0,35263.0,048910
2026-09-22,5150.0,5150.0,4815.0,4910.0,490718.0,100590
2026-09-22,10050.0,10100.0,9950.0,10000.0,10443.0,025950
2026-09-22,0.0,0.0,0.0,1009.0,0.0,049180
2026-09-22,2145.0,2220.0,2050.0,2130.0,242691.0,089230
2026-09-22,0.0,0.0,0.0,990.0,0.0,183490
2026-09-22,10900.0,11500.0,10590.0,10880.0,21221.0,044990
2026-09-22,1965.0,2210.0,1915.0,1931.0,65480.0,185490
2026-09-22,2165.0,2195.0,2075.0,2130.0,472086.0,066430
2026-09-22,3185.0,3240.0,2985.0,3060.0,156503.0,234300
2026-09-22,1419.0,1593.0,1402.0,1456.0,3254744.0,100130
2026-09-22,2485.0,2925.0,2315.0,2445.0,127444.0,246960
2026-09-22,6940.0,7400.0,6880.0,7050.0,244672.0,357580
2026-09-22,4520.0,4565.0,4380.0,4495.0,61201.0,078890
2026-09-22,3265.0,3265.0,3115.0,3195.0,59531.0,478560
2026-09-22,4085.0,4145.0,4015.0,4045.0,47962.0,215100
2026-09-22,3595.0,3595.0,3455.0,3555.0,36329.0,101330
2026-09-22,5070.0,5070.0,5000.0,5030.0,25363.0,036640
2026-09-22,2000.0,2050.0,1983.0,1991.0,111368.0,038110
2026-09-22,4860.0,4940.0,4650.0,4775.0,33624.0,091120
2026-09-22,7300.0,7770.0,7180.0,7500.0,4285.0,032300
2026-09-22,7400.0,7470.0,7300.0,7370.0,15531.0,078140
2026-09-22,3190.0,3190.0,3030.0,3080.0,121392.0,294630
2026-09-22,6770.0,6880.0,6640.0,6680.0,4169.0,086710
2026-09-22,2370.0,2430.0,2360.0,2405.0,77904.0,037760
2026-09-22,8100.0,8100.0,7920.0,8000.0,30976.0,105740
2026-09-22,572.0,581.0,542.0,549.0,858349.0,058820
2026-09-22,4745.0,4775.0,4685.0,4750.0,3145.0,033560
2026-09-22,0.0,0.0,0.0,3935.0,0.0,412540
2026-09-22,9470.0,9510.0,9360.0,9460.0,28077.0,418470
2026-09-22,3475.0,3845.0,3385.0,3430.0,520012.0,234030
2026-09-22,3530.0,3600.0,3400.0,3455.0,95569.0,007820
2026-09-22,6270.0,6300.0,6040.0,6110.0,36739.0,381620
2026-09-22,4645.0,4685.0,4450.0,4655.0,23893.0,149980
2026-09-22,3835.0,3840.0,3610.0,3830.0,4359.0,032540
2026-09-22,1556.0,1615.0,1556.0,1594.0,348512.0,365330
2026-09-22,1145.0,1148.0,1104.0,1142.0,246930.0,067000
2026-09-22,6900.0,7180.0,6560.0,6700.0,22147.0,040160
2026-09-22,3540.0,3610.0,3495.0,3575.0,95390.0,137950
2026-09-22,2690.0,2690.0,2565.0,2625.0,25312.0,302550
2026-09-22,5220.0,5330.0,5220.0,5290.0,20300.0,004590
2026-09-22,5260.0,5630.0,5260.0,5430.0,343409.0,412350
2026-09-22,3245.0,3290.0,3100.0,3240.0,17785.0,047820
2026-09-22,2130.0,2130.0,2090.0,2130.0,42383.0,066700
2026-09-22,1506.0,1555.0,1441.0,1469.0,212323.0,066980
2026-09-22,2225.0,2290.0,2100.0,2245.0,77393.0,950130
2026-09-22,8120.0,8930.0,7870.0,7970.0,467384.0,0015S0
2026-09-22,5490.0,5590.0,5330.0,5500.0,71075.0,389140
2026-09-22,12040.0,12300.0,11600.0,11880.0,7608.0,063080
2026-09-22,5620.0,5620.0,5500.0,5520.0,50227.0,0117P0
2026-09-22,1998.0,2000.0,1911.0,1976.0,87230.0,389030
2026-09-22,3700.0,3760.0,3615.0,3615.0,43036.0,079810
2026-09-22,2105.0,2140.0,2070.0,2140.0,7954.0,225530
2026-09-22,1478.0,1497.0,1450.0,1459.0,51127.0,131370
2026-09-22,2980.0,3285.0,2955.0,3000.0,70290.0,102370
2026-09-22,12510.0,13300.0,12400.0,12450.0,13457.0,000440
2026-09-22,2165.0,2170.0,2060.0,2095.0,53127.0,140070
2026-09-22,5500.0,5550.0,5370.0,5380.0,11118.0,054670
2026-09-22,9150.0,9170.0,8700.0,8880.0,17735.0,251120
2026-09-22,963.0,1180.0,948.0,958.0,168946.0,019550
2026-09-22,3880.0,4060.0,3825.0,3870.0,46256.0,024880
2026-09-22,4310.0,4510.0,4280.0,4320.0,180860.0,475430
2026-09-22,3035.0,3385.0,2980.0,3140.0,1360465.0,085670
2026-09-22,3295.0,3320.0,3150.0,3210.0,475635.0,142280
2026-09-22,5980.0,5980.0,5580.0,5790.0,25082.0,058400
2026-09-22,1980.0,1989.0,1950.0,1980.0,23148.0,124560
2026-09-22,2560.0,2675.0,2515.0,2535.0,268395.0,0017J0
2026-09-22,5100.0,5270.0,4960.0,4995.0,46874.0,382840
2026-09-22,4765.0,4915.0,4715.0,4770.0,27951.0,030960
2026-09-22,5030.0,5130.0,4970.0,5010.0,29787.0,041930
2026-09-22,0.0,0.0,0.0,654.0,0.0,073640
2026-09-22,2275.0,2370.0,2260.0,2310.0,435923.0,396270
2026-09-22,11310.0,11620.0,11070.0,11380.0,69807.0,117670
2026-09-22,4510.0,4600.0,4470.0,4520.0,90769.0,253840
2026-09-22,4065.0,4875.0,4065.0,4160.0,10888.0,040910
2026-09-22,4590.0,4590.0,4205.0,4310.0,34841.0,090470
2026-09-22,8140.0,9750.0,8130.0,9400.0,193593.0,323350
2026-09-22,2900.0,2980.0,2855.0,2895.0,20876.0,012700
2026-09-22,8000.0,8220.0,8000.0,8010.0,5942.0,088390
2026-09-22,4710.0,4795.0,4575.0,4630.0,138708.0,263800
2026-09-22,2060.0,2090.0,2005.0,2030.0,5058.0,331380
2026-09-22,4010.0,4010.0,3650.0,3775.0,102181.0,040350
2026-09-22,13150.0,13150.0,12660.0,12760.0,75581.0,282620
2026-09-22,6800.0,6900.0,6650.0,6730.0,8305.0,084730
2026-09-22,4850.0,4995.0,4810.0,4840.0,5483.0,017480
2026-09-22,1472.0,1472.0,1332.0,1406.0,98665.0,094860
2026-09-22,3705.0,4070.0,3565.0,3720.0,1050391.0,020710
2026-09-22,8200.0,8240.0,7910.0,8040.0,48660.0,066310
2026-09-22,3825.0,3900.0,3760.0,3855.0,23427.0,011320
2026-09-22,13650.0,13650.0,13150.0,13180.0,16217.0,107600
2026-09-22,2370.0,2375.0,2315.0,2340.0,15986.0,168330
2026-09-22,10290.0,10880.0,10000.0,10450.0,141246.0,377480
2026-09-22,3715.0,3725.0,3660.0,3675.0,21489.0,011370
2026-09-22,7280.0,8000.0,6850.0,7220.0,487460.0,487400
2026-09-22,978.0,978.0,939.0,963.0,85043.0,083790
2026-09-22,2265.0,2290.0,2235.0,2265.0,17974.0,208140
2026-09-22,6150.0,6220.0,6070.0,6170.0,4722.0,012790
2026-09-22,8100.0,8780.0,8010.0,8560.0,82698.0,039010
2026-09-22,4890.0,6260.0,4820.0,4980.0,2507.0,060570
2026-09-22,3085.0,3085.0,3000.0,3050.0,31383.0,060590
2026-09-22,7270.0,7340.0,7180.0,7200.0,4854.0,451250
2026-09-22,5200.0,5430.0,5100.0,5110.0,147680.0,039980
2026-09-22,8710.0,9060.0,8710.0,8960.0,13074.0,360070
2026-09-22,7300.0,7460.0,7210.0,7460.0,2140.0,080010
2026-09-22,3895.0,3925.0,3760.0,3905.0,39945.0,058630
2026-09-22,4770.0,4820.0,4730.0,4770.0,8607.0,170030
2026-09-22,8000.0,9120.0,8000.0,8720.0,65085.0,136150
2026-09-22,2920.0,2965.0,2755.0,2900.0,137245.0,487580
2026-09-22,3775.0,3860.0,3650.0,3655.0,56017.0,038680
2026-09-22,2240.0,2265.0,2195.0,2210.0,61061.0,024740
2026-09-22,6350.0,6400.0,6200.0,6270.0,70067.0,048430
2026-09-22,3120.0,3580.0,2840.0,3065.0,4410725.0,049470
2026-09-22,6670.0,6680.0,6540.0,6630.0,28969.0,065510
2026-09-22,5340.0,5350.0,5070.0,5150.0,130772.0,338220
2026-09-22,2970.0,3835.0,2935.0,3075.0,1009.0,110790
2026-09-22,2875.0,2885.0,2785.0,2850.0,69459.0,038460
2026-09-22,10690.0,11250.0,10300.0,10400.0,290630.0,320000
2026-09-22,4190.0,4240.0,4155.0,4225.0,20879.0,347890
2026-09-22,0.0,0.0,0.0,5310.0,0.0,234920
2026-09-22,2015.0,2015.0,1975.0,1998.0,57238.0,171120
2026-09-22,3220.0,3400.0,2960.0,3025.0,129714.0,371950
2026-09-22,8600.0,8730.0,8560.0,8600.0,9117.0,045660
2026-09-22,5490.0,5550.0,5360.0,5480.0,34701.0,388870
2026-09-22,4450.0,4500.0,4365.0,4400.0,47920.0,054040
2026-09-22,2385.0,2440.0,2320.0,2380.0,96542.0,337930
2026-09-22,4090.0,4135.0,3950.0,4025.0,38810.0,026150
2026-09-22,1890.0,1964.0,1861.0,1911.0,132700.0,096350
2026-09-22,7310.0,7450.0,6810.0,7170.0,62934.0,302430
2026-09-22,6470.0,6770.0,6360.0,6670.0,18779.0,104460
2026-09-22,2800.0,2950.0,2770.0,2805.0,99804.0,053280
2026-09-22,8760.0,9170.0,8250.0,8390.0,1326.0,024830
2026-09-22,5340.0,5520.0,5220.0,5270.0,21253.0,041910
2026-09-22,3545.0,3575.0,3430.0,3565.0,827.0,049550
2026-09-22,13730.0,14500.0,12550.0,12710.0,1396821.0,0155E0
2026-09-22,2845.0,2845.0,2790.0,2810.0,56409.0,128660
2026-09-22,6150.0,6260.0,5850.0,5930.0,120123.0,091590
2026-09-22,3070.0,3090.0,3000.0,3005.0,38021.0,217330
2026-09-22,1182.0,1199.0,1121.0,1141.0,936081.0,076610
2026-09-22,6520.0,6790.0,6300.0,6310.0,331134.0,0004V0
2026-09-22,1628.0,1738.0,1613.0,1645.0,43170.0,067570
2026-09-22,6190.0,6230.0,6030.0,6140.0,27195.0,413390
2026-09-22,4550.0,4550.0,4300.0,4465.0,35705.0,204840
2026-09-22,1855.0,1856.0,1816.0,1830.0,23154.0,347000
2026-09-22,2685.0,2840.0,2585.0,2775.0,25246.0,294140
2026-09-22,0.0,0.0,0.0,6090.0,0.0,196490
2026-09-22,6420.0,6520.0,6400.0,6460.0,4403.0,265560
2026-09-22,3840.0,3975.0,3675.0,3750.0,26654.0,054620
2026-09-22,5390.0,5440.0,4910.0,5350.0,15824.0,303360
2026-09-22,3530.0,3640.0,3370.0,3440.0,344285.0,228340
2026-09-22,5180.0,5460.0,5160.0,5180.0,2648.0,332370
2026-09-22,3505.0,3515.0,3410.0,3465.0,27425.0,277880
2026-09-22,4660.0,4995.0,4370.0,4680.0,9911.0,153710
2026-09-22,5570.0,5820.0,5550.0,5610.0,12240.0,067370
2026-09-22,5180.0,5190.0,5000.0,5090.0,44552.0,460940
2026-09-22,6670.0,6670.0,6500.0,6540.0,4506.0,417790
2026-09-22,3090.0,3120.0,3035.0,3085.0,308066.0,483350
2026-09-22,4470.0,4470.0,4250.0,4360.0,77352.0,228670
2026-09-22,7500.0,7800.0,7500.0,7640.0,8679.0,214260
2026-09-22,4270.0,4270.0,3905.0,4100.0,51449.0,032850
2026-09-22,4715.0,4740.0,4500.0,4515.0,40872.0,262260
2026-09-22,7430.0,7810.0,7350.0,7470.0,416.0,109860
2026-09-22,3065.0,3560.0,3055.0,3360.0,704153.0,123010
2026-09-22,4210.0,4270.0,4145.0,4260.0,39112.0,004780
2026-09-22,5130.0,5130.0,4985.0,5000.0,22685.0,019540
2026-09-22,1182.0,1199.0,1150.0,1161.0,72969.0,043610
2026-09-22,2440.0,2550.0,2330.0,2455.0,234972.0,067170
2026-09-22,10410.0,10610.0,10210.0,10540.0,13582.0,417970
2026-09-22,6450.0,6530.0,6370.0,6470.0,13517.0,123420
2026-09-22,4430.0,4525.0,4355.0,4435.0,18114.0,002800
2026-09-22,2530.0,2620.0,2425.0,2465.0,233014.0,097800
2026-09-22,7470.0,7750.0,7310.0,7430.0,5742.0,061040
2026-09-22,7140.0,7270.0,7040.0,7180.0,9102.0,318160
2026-09-22,4340.0,4410.0,4055.0,4255.0,438023.0,048770
2026-09-22,6150.0,6350.0,6120.0,6190.0,6423.0,137080
2026-09-22,3790.0,4160.0,3790.0,3970.0,91616.0,214680
2026-09-22,4470.0,4550.0,4425.0,4455.0,37595.0,006140
2026-09-22,3385.0,3445.0,3235.0,3310.0,80608.0,147760
2026-09-22,5130.0,5170.0,5020.0,5060.0,12360.0,010280
2026-09-22,2435.0,2450.0,2305.0,2450.0,42170.0,104040
2026-09-22,6730.0,7100.0,6650.0,6750.0,100413.0,212710
2026-09-22,1785.0,1785.0,1710.0,1765.0,21121.0,033130
2026-09-22,12280.0,12780.0,12280.0,12410.0,12952.0,0218L0
2026-09-22,4480.0,4495.0,4330.0,4415.0,27702.0,014970
2026-09-22,4765.0,4900.0,4730.0,4840.0,1316.0,222110
2026-09-22,1955.0,1956.0,1781.0,1900.0,280469.0,950220
2026-09-22,8470.0,8520.0,8290.0,8350.0,65828.0,0156T0
2026-09-22,3200.0,3200.0,3140.0,3155.0,24083.0,111710
2026-09-22,5930.0,5930.0,5710.0,5900.0,40138.0,067920
2026-09-22,20550.0,20600.0,18790.0,19750.0,10227.0,100030
2026-09-22,5330.0,5400.0,5300.0,5400.0,15501.0,008370
2026-09-22,5510.0,5620.0,5300.0,5480.0,28755.0,096250
2026-09-22,5880.0,6550.0,5780.0,5870.0,520631.0,456070
2026-09-22,3930.0,3985.0,3855.0,3925.0,6155.0,424960
2026-09-22,3400.0,3440.0,3295.0,3405.0,17741.0,041460
2026-09-22,1612.0,1612.0,1490.0,1507.0,555233.0,290660
2026-09-22,3610.0,3630.0,3550.0,3610.0,36470.0,043650
2026-09-22,2660.0,2700.0,2580.0,2605.0,45558.0,205470
2026-09-22,8300.0,8560.0,8020.0,8150.0,46154.0,451220
2026-09-22,1220.0,1545.0,1210.0,1545.0,3851327.0,299170
2026-09-22,6050.0,6530.0,5980.0,6150.0,329597.0,039610
2026-09-22,1814.0,1847.0,1776.0,1817.0,35516.0,082210
2026-09-22,890.0,912.0,886.0,899.0,229117.0,092040
2026-09-22,1586.0,1687.0,1582.0,1610.0,56929.0,382480
2026-09-22,2600.0,2720.0,2585.0,2605.0,93298.0,081150
2026-09-22,2745.0,2820.0,2690.0,2740.0,12296.0,036000
2026-09-22,6410.0,6530.0,6210.0,6300.0,150390.0,241790
2026-09-22,2245.0,2470.0,2195.0,2250.0,1047239.0,065170
2026-09-22,0.0,0.0,0.0,2215.0,0.0,001840
2026-09-22,3015.0,3110.0,2995.0,3030.0,62878.0,900300
2026-09-22,0.0,0.0,0.0,1490.0,0.0,294090
2026-09-22,1461.0,1537.0,1461.0,1477.0,112733.0,347860
2026-09-22,1087.0,1089.0,1050.0,1065.0,144330.0,054300
2026-09-22,5260.0,5300.0,5210.0,5280.0,10775.0,010240
2026-09-22,2570.0,2570.0,2465.0,2525.0,12634.0,241690
2026-09-22,2520.0,2605.0,2480.0,2570.0,32813.0,291230
2026-09-22,1763.0,1785.0,1680.0,1778.0,60036.0,064240
2026-09-22,1320.0,1388.0,1320.0,1363.0,47291.0,214270
2026-09-22,2560.0,2720.0,2550.0,2655.0,133931.0,126880
2026-09-22,6150.0,6450.0,6140.0,6150.0,21138.0,005670
2026-09-22,3345.0,3395.0,3230.0,3240.0,97406.0,155650
2026-09-22,3070.0,3095.0,2920.0,3055.0,115997.0,460870
2026-09-22,1450.0,1530.0,1395.0,1438.0,1095760.0,036090
2026-09-22,5980.0,6190.0,5730.0,5930.0,136605.0,089790
2026-09-22,2680.0,2680.0,2645.0,2665.0,4080.0,039420
2026-09-22,1549.0,1730.0,1466.0,1592.0,2204423.0,122350
2026-09-22,4800.0,4865.0,4795.0,4825.0,5173.0,352910
2026-09-22,6330.0,6500.0,6190.0,6250.0,27121.0,331740
2026-09-22,0.0,0.0,0.0,676.0,0.0,203400
2026-09-22,12200.0,12200.0,11660.0,12090.0,1401.0,016250
2026-09-22,4500.0,4730.0,4290.0,4435.0,50532.0,457600
2026-09-22,6850.0,7530.0,6680.0,6740.0,229747.0,463020
2026-09-22,4305.0,4410.0,4255.0,4325.0,18860.0,094850
2026-09-22,4110.0,4245.0,4090.0,4110.0,5103.0,089850
2026-09-22,1288.0,1295.0,1213.0,1265.0,137354.0,065530
2026-09-22,4610.0,4670.0,4270.0,4335.0,310930.0,340810
2026-09-22,3210.0,3240.0,3210.0,3230.0,10619.0,066670
2026-09-22,4910.0,4990.0,4875.0,4925.0,6757.0,216050
2026-09-22,1924.0,2015.0,1878.0,1905.0,139981.0,049480
2026-09-22,3145.0,3185.0,3065.0,3110.0,76091.0,950200
2026-09-22,2320.0,2515.0,2285.0,2320.0,164005.0,208370
2026-09-22,1887.0,2145.0,1804.0,1954.0,15617.0,238090
2026-09-22,4185.0,4300.0,4155.0,4275.0,176750.0,037440
2026-09-22,4900.0,4980.0,4900.0,4940.0,2155.0,010470
2026-09-22,4265.0,4345.0,4060.0,4110.0,32599.0,095270
2026-09-22,4480.0,4510.0,4345.0,4390.0,261854.0,365660
2026-09-22,1060.0,1060.0,1028.0,1034.0,67663.0,014470
2026-09-22,7360.0,7380.0,7160.0,7270.0,1816.0,191420
2026-09-22,1147.0,1179.0,1082.0,1109.0,237667.0,060310
2026-09-22,5480.0,5480.0,5230.0,5360.0,25593.0,273640
2026-09-22,3120.0,3170.0,3050.0,3070.0,63089.0,033320
2026-09-22,3225.0,3455.0,3190.0,3345.0,6927.0,317530
2026-09-22,11400.0,11400.0,10860.0,11070.0,17247.0,448710
2026-09-22,6860.0,6860.0,6750.0,6800.0,3574.0,053620
2026-09-22,1460.0,1474.0,1436.0,1460.0,46834.0,033310
2026-09-22,1883.0,1883.0,1761.0,1783.0,156764.0,187420
2026-09-22,6690.0,6820.0,6370.0,6800.0,16210.0,045340
2026-09-22,0.0,0.0,0.0,1284.0,0.0,099520
2026-09-22,8610.0,8780.0,8600.0,8600.0,2383.0,050960
2026-09-22,1620.0,1654.0,1620.0,1651.0,71169.0,036120
2026-09-22,0.0,0.0,0.0,821.0,0.0,225190
2026-09-22,6090.0,6090.0,5770.0,5880.0,69815.0,056360
2026-09-22,1640.0,1646.0,1618.0,1619.0,90897.0,003310
2026-09-22,3625.0,3980.0,3465.0,3510.0,69963.0,221800
2026-09-22,2330.0,2330.0,2240.0,2295.0,16571.0,175140
2026-09-22,5260.0,5260.0,5050.0,5120.0,36182.0,059270
2026-09-22,3170.0,3415.0,3060.0,3300.0,201243.0,088280
2026-09-22,3015.0,3310.0,2385.0,3290.0,4154.0,043710
2026-09-22,4925.0,5080.0,4890.0,5000.0,12301.0,263690
2026-09-22,6350.0,6490.0,6040.0,6180.0,8753.0,215360
2026-09-22,2205.0,2265.0,2170.0,2210.0,63197.0,025550
2026-09-22,9320.0,9770.0,9030.0,9370.0,5527.0,053160
2026-09-22,3470.0,3650.0,3275.0,3520.0,52214.0,251630
2026-09-22,2740.0,2755.0,2280.0,2415.0,563953.0,270520
2026-09-22,1969.0,1979.0,1892.0,1903.0,104668.0,315640
2026-09-22,3935.0,3970.0,3920.0,3945.0,7330.0,007370
2026-09-22,5180.0,5180.0,4880.0,5060.0,32072.0,333620
2026-09-22,1875.0,1891.0,1852.0,1853.0,58257.0,053050
2026-09-22,8000.0,8070.0,7830.0,7860.0,37089.0,192250
2026-09-22,0.0,0.0,0.0,806.0,0.0,340930
2026-09-22,18600.0,19200.0,18150.0,18490.0,37415.0,054930
2026-09-22,7700.0,7900.0,7210.0,7500.0,28039.0,288180
2026-09-22,5100.0,5200.0,5000.0,5110.0,10888.0,443250
2026-09-22,2480.0,2550.0,2435.0,2435.0,18624.0,039020
2026-09-22,0.0,0.0,0.0,499.0,0.0,217480
2026-09-22,3225.0,3235.0,3160.0,3210.0,14489.0,040610
2026-09-22,1530.0,1530.0,1465.0,1521.0,12750.0,024910
2026-09-22,3985.0,4040.0,3935.0,4030.0,6927.0,459100
2026-09-22,5070.0,5100.0,4990.0,5040.0,14095.0,036670
2026-09-22,2195.0,2280.0,2100.0,2120.0,100778.0,064800
2026-09-22,1982.0,1999.0,1922.0,1977.0,18032.0,053270
2026-09-22,4415.0,4415.0,4365.0,4370.0,13813.0,024950
2026-09-22,3525.0,3525.0,3355.0,3400.0,29247.0,263600
2026-09-22,1268.0,1330.0,1245.0,1268.0,126993.0,391710
2026-09-22,6520.0,6520.0,6310.0,6390.0,19267.0,061250
2026-09-22,6900.0,7100.0,6850.0,7050.0,1016.0,435570
2026-09-22,1824.0,1824.0,1715.0,1759.0,21694.0,291650
2026-09-22,4035.0,4040.0,3970.0,4000.0,8596.0,104540
2026-09-22,9150.0,9320.0,9150.0,9160.0,26250.0,420570
2026-09-22,1831.0,2150.0,1771.0,1809.0,356469.0,179530
2026-09-22,6200.0,6420.0,6130.0,6390.0,138077.0,317850
2026-09-22,6260.0,6490.0,5920.0,6020.0,55510.0,081180
2026-09-22,8330.0,8350.0,8200.0,8300.0,9188.0,170790
2026-09-22,6250.0,6290.0,6100.0,6200.0,9192.0,370090
2026-09-22,4860.0,5090.0,4860.0,4995.0,49696.0,408470
2026-09-22,9430.0,9930.0,9280.0,9360.0,29492.0,109080
2026-09-22,3170.0,3190.0,3080.0,3130.0,71986.0,104620
2026-09-22,5210.0,5690.0,5180.0,5380.0,156680.0,019990
2026-09-22,5160.0,5440.0,5040.0,5100.0,26557.0,261520
2026-09-22,1186.0,1186.0,1131.0,1149.0,44382.0,046210
2026-09-22,985.0,1000.0,929.0,986.0,127587.0,340360
2026-09-22,1306.0,1306.0,1179.0,1179.0,46554.0,127710
2026-09-22,1312.0,1335.0,1291.0,1298.0,92699.0,027050
2026-09-22,5970.0,6080.0,5820.0,5990.0,13039.0,314140
2026-09-22,2140.0,2190.0,2000.0,2055.0,791220.0,459550
2026-09-22,1742.0,1795.0,1692.0,1726.0,37946.0,347740
2026-09-22,2800.0,3315.0,2725.0,3315.0,4435367.0,393210
2026-09-22,6350.0,6350.0,6090.0,6190.0,48791.0,094940
2026-09-22,2015.0,2030.0,1995.0,2010.0,38134.0,088910
2026-09-22,3800.0,4095.0,3625.0,3950.0,3586.0,311690
2026-09-22,5010.0,5090.0,4930.0,5060.0,16749.0,105760
2026-09-22,2190.0,2215.0,2150.0,2165.0,43344.0,246690
2026-09-22,8190.0,8190.0,7850.0,7970.0,10256.0,453860
2026-09-22,1882.0,1909.0,1878.0,1902.0,28016.0,039240
2026-09-22,6950.0,8770.0,6870.0,8770.0,344401.0,109670
2026-09-22,4940.0,4945.0,4560.0,4745.0,78531.0,317830
2026-09-22,1461.0,1490.0,1420.0,1438.0,258491.0,070300
2026-09-22,2700.0,2700.0,2610.0,2630.0,17979.0,348150
2026-09-22,2940.0,2980.0,2900.0,2910.0,3826.0,015710
2026-09-22,4375.0,4395.0,4235.0,4395.0,11096.0,256630
2026-09-22,4960.0,4960.0,4405.0,4420.0,36741.0,464490
2026-09-22,4645.0,6000.0,4645.0,4675.0,65048.0,419080
2026-09-22,1014.0,1052.0,988.0,1004.0,147233.0,033230
2026-09-22,8630.0,8930.0,8400.0,8550.0,24589.0,424980
2026-09-22,0.0,0.0,0.0,2825.0,0.0,393970
2026-09-22,2850.0,2865.0,2740.0,2850.0,6912.0,376290
2026-09-22,2335.0,2445.0,2295.0,2320.0,222311.0,179900
2026-09-22,3305.0,3525.0,3305.0,3435.0,3297.0,122310
2026-09-22,5790.0,5790.0,5510.0,5510.0,3152.0,452400
2026-09-22,4995.0,5050.0,4900.0,4995.0,15270.0,071670
2026-09-22,4220.0,4240.0,3785.0,3885.0,241697.0,348080
2026-09-22,4100.0,4175.0,3980.0,4020.0,41967.0,463480
2026-09-22,5160.0,5200.0,4900.0,5020.0,45856.0,0013V0
2026-09-22,1973.0,2190.0,1948.0,1956.0,6188.0,060560
2026-09-22,5180.0,5540.0,5010.0,5120.0,714280.0,189860
2026-09-22,3685.0,3915.0,3615.0,3650.0,78470.0,163280
2026-09-22,2780.0,2800.0,2715.0,2740.0,90098.0,046940
2026-09-22,2830.0,2895.0,2760.0,2770.0,65475.0,044340
2026-09-22,2420.0,2545.0,2400.0,2450.0,117274.0,092300
2026-09-22,3070.0,3420.0,2785.0,2875.0,3404683.0,033170
2026-09-22,1091.0,1094.0,1065.0,1084.0,73771.0,063440
2026-09-22,6700.0,7150.0,6680.0,6930.0,38119.0,059100
2026-09-22,5090.0,5450.0,5050.0,5440.0,62688.0,038010
2026-09-22,1506.0,1538.0,1493.0,1515.0,34085.0,217500
2026-09-22,1700.0,1700.0,1650.0,1673.0,13506.0,361570
2026-09-22,5050.0,5050.0,4885.0,5020.0,24407.0,355690
2026-09-22,1003.0,1010.0,991.0,994.0,195079.0,042110
2026-09-22,4095.0,4095.0,3935.0,4095.0,85511.0,150900
2026-09-22,3650.0,3725.0,3560.0,3655.0,88752.0,382150
2026-09-22,0.0,0.0,0.0,6550.0,0.0,418250
2026-09-22,3190.0,3295.0,3035.0,3205.0,44981.0,199550
2026-09-22,1741.0,1754.0,1710.0,1727.0,50656.0,440290
2026-09-22,2450.0,2565.0,2440.0,2540.0,4176.0,178780
2026-09-22,1703.0,1730.0,1665.0,1678.0,92772.0,321260
2026-09-22,0.0,0.0,0.0,521.0,0.0,023440
2026-09-22,1277.0,1349.0,1277.0,1318.0,91295.0,014190
2026-09-22,1073.0,1160.0,1073.0,1125.0,16925.0,219550
2026-09-22,1162.0,1179.0,1141.0,1155.0,35106.0,189980
2026-09-22,1320.0,1333.0,1278.0,1296.0,56226.0,900340
2026-09-22,3350.0,3490.0,3285.0,3360.0,6842.0,277070
2026-09-22,0.0,0.0,0.0,1957.0,0.0,229000
2026-09-22,3995.0,4080.0,3990.0,4055.0,607.0,471820
2026-09-22,5170.0,5210.0,5150.0,5150.0,1859.0,073110
2026-09-22,2730.0,2750.0,2650.0,2710.0,19256.0,037950
2026-09-22,2690.0,2690.0,2400.0,2550.0,108097.0,384470
2026-09-22,2125.0,2140.0,1951.0,2125.0,22858.0,198080
2026-09-22,2770.0,3165.0,2700.0,2765.0,1558918.0,232830
2026-09-22,0.0,0.0,0.0,766.0,0.0,131400
2026-09-22,1049.0,1049.0,1010.0,1032.0,28374.0,068330
2026-09-22,2310.0,2410.0,2310.0,2410.0,6471.0,072470
2026-09-22,2395.0,2410.0,2375.0,2395.0,34467.0,053980
2026-09-22,2325.0,2380.0,2315.0,2350.0,8964.0,260930
2026-09-22,3810.0,4040.0,3810.0,3985.0,7781.0,051390
2026-09-22,5130.0,5200.0,5100.0,5200.0,4280.0,042040
2026-09-22,3335.0,3335.0,3220.0,3310.0,5224.0,083550
2026-09-22,930.0,946.0,901.0,925.0,121031.0,222420
2026-09-22,8570.0,8980.0,8530.0,8890.0,7806.0,466410
2026-09-22,8630.0,8840.0,8500.0,8770.0,2789.0,0010V0
2026-09-22,1210.0,1233.0,1182.0,1226.0,19657.0,258610
2026-09-22,1243.0,1264.0,1235.0,1248.0,60155.0,900250
2026-09-22,8500.0,9090.0,8430.0,8790.0,2296.0,224110
2026-09-22,1005.0,1013.0,985.0,1000.0,115146.0,143540
2026-09-22,0.0,0.0,0.0,460.0,0.0,033340
2026-09-22,2790.0,2950.0,2785.0,2860.0,79860.0,321820
2026-09-22,2680.0,2690.0,2635.0,2655.0,44976.0,094970
2026-09-22,0.0,0.0,0.0,1303.0,0.0,208860
2026-09-22,4500.0,4640.0,4490.0,4560.0,33033.0,082850
2026-09-22,0.0,0.0,0.0,416.0,0.0,288330
2026-09-22,3180.0,3180.0,3040.0,3040.0,53837.0,072990
2026-09-22,1750.0,1791.0,1653.0,1759.0,43729.0,373200
2026-09-22,2185.0,2235.0,2160.0,2200.0,37150.0,114450
2026-09-22,2555.0,2960.0,2415.0,2600.0,194642.0,145170
2026-09-22,6180.0,7410.0,6180.0,6670.0,77805.0,476040
2026-09-22,2595.0,2615.0,2510.0,2510.0,48685.0,278650
2026-09-22,3195.0,3195.0,3070.0,3125.0,20694.0,099410
2026-09-22,2990.0,3030.0,2940.0,2950.0,42576.0,053450
2026-09-22,4060.0,4060.0,3965.0,3990.0,12511.0,052790
2026-09-22,2265.0,2265.0,2140.0,2160.0,70353.0,317690
2026-09-22,2670.0,2795.0,2665.0,2710.0,21323.0,065130
2026-09-22,3240.0,3305.0,3190.0,3190.0,5537.0,050120
2026-09-22,3350.0,3925.0,3320.0,3380.0,9414.0,066130
2026-09-22,803.0,835.0,794.0,835.0,8485.0,022220
2026-09-22,4975.0,5000.0,4830.0,4885.0,6462.0,317870
2026-09-22,6080.0,6150.0,5960.0,6050.0,8051.0,479960
2026-09-22,5940.0,6140.0,5810.0,6070.0,111691.0,307280
2026-09-22,3125.0,3140.0,3065.0,3110.0,25528.0,263020
2026-09-22,5690.0,5800.0,5330.0,5450.0,14464.0,290670
2026-09-22,800.0,814.0,750.0,793.0,138281.0,027830
2026-09-22,5130.0,5280.0,5060.0,5220.0,5684.0,450330
2026-09-22,3280.0,3280.0,3215.0,3215.0,1268.0,007680
2026-09-22,5860.0,6190.0,5800.0,5890.0,10361.0,413640
2026-09-22,2000.0,2010.0,1975.0,2005.0,7970.0,140520
2026-09-22,937.0,949.0,923.0,928.0,69333.0,129890
2026-09-22,1707.0,1789.0,1650.0,1730.0,48571.0,452200
2026-09-22,6500.0,6580.0,6480.0,6580.0,1971.0,190650
2026-09-22,1268.0,1280.0,1169.0,1209.0,96972.0,227950
2026-09-22,4955.0,4980.0,4840.0,4965.0,6046.0,256150
2026-09-22,2120.0,2155.0,2040.0,2075.0,51122.0,159580
2026-09-22,3015.0,3335.0,3015.0,3060.0,10983.0,373160
2026-09-22,2595.0,2605.0,2550.0,2600.0,12978.0,263810
2026-09-22,3665.0,4065.0,3645.0,3755.0,21102.0,136410
2026-09-22,1411.0,1417.0,1404.0,1417.0,21268.0,056700
2026-09-22,2580.0,2620.0,2555.0,2610.0,12126.0,261200
2026-09-22,1563.0,1566.0,1471.0,1510.0,67313.0,189690
2026-09-22,4015.0,4235.0,3915.0,4040.0,11526.0,199480
2026-09-22,3020.0,3020.0,2875.0,2885.0,12987.0,238120
2026-09-22,4755.0,4890.0,4730.0,4760.0,11814.0,086060
2026-09-22,1397.0,1397.0,1368.0,1369.0,23223.0,037230
2026-09-22,3260.0,3280.0,3230.0,3280.0,7457.0,002290
2026-09-22,4210.0,4435.0,4170.0,4265.0,9009.0,196300
2026-09-22,2660.0,2730.0,2560.0,2675.0,27050.0,460470
2026-09-22,1894.0,1900.0,1781.0,1812.0,25792.0,007530
2026-09-22,2110.0,2150.0,2005.0,2055.0,143169.0,053950
2026-09-22,2055.0,2150.0,2025.0,2070.0,21762.0,263700
2026-09-22,3950.0,4000.0,3820.0,3955.0,16028.0,465480
2026-09-22,2485.0,2565.0,2430.0,2495.0,21295.0,286750
2026-09-22,7470.0,7520.0,7090.0,7340.0,30343.0,360350
2026-09-22,2125.0,2200.0,2060.0,2110.0,103413.0,184230
2026-09-22,0.0,0.0,0.0,798.0,0.0,064090
2026-09-22,1925.0,1997.0,1890.0,1940.0,59480.0,218150
2026-09-22,4930.0,5070.0,4720.0,4720.0,182475.0,226340
2026-09-22,1770.0,1800.0,1728.0,1736.0,26352.0,066900
2026-09-22,3105.0,3125.0,3070.0,3120.0,8410.0,044960
2026-09-22,6340.0,6480.0,6300.0,6400.0,1203.0,049830
2026-09-22,1656.0,1659.0,1637.0,1654.0,2076.0,263770
2026-09-22,5680.0,5940.0,5650.0,5740.0,25174.0,042940
2026-09-22,2080.0,2095.0,2030.0,2085.0,6344.0,221840
2026-09-22,1460.0,1485.0,1410.0,1428.0,170368.0,065440
2026-09-22,3115.0,3115.0,3010.0,3090.0,12099.0,100660
2026-09-22,2610.0,2720.0,2610.0,2710.0,16613.0,461030
2026-09-22,2645.0,2750.0,2535.0,2655.0,6488.0,234100
2026-09-22,2170.0,2765.0,2075.0,2200.0,21146.0,032960
2026-09-22,9520.0,9590.0,9380.0,9590.0,1247.0,221980
2026-09-22,1478.0,1478.0,1437.0,1470.0,15677.0,352700
2026-09-22,2305.0,2325.0,2300.0,2310.0,59760.0,025880
2026-09-22,1688.0,1688.0,1640.0,1664.0,49030.0,052220
2026-09-22,3835.0,4100.0,3815.0,3885.0,24086.0,273060
2026-09-22,1726.0,1726.0,1666.0,1690.0,20386.0,050860
2026-09-22,2685.0,3005.0,2635.0,2700.0,23096.0,203450
2026-09-22,5760.0,5760.0,5610.0,5620.0,2070.0,250000
2026-09-22,4490.0,4725.0,4010.0,4455.0,4208.0,363250
2026-09-22,3245.0,3490.0,3245.0,3320.0,5184.0,101240
2026-09-22,2540.0,2565.0,2445.0,2520.0,77014.0,035460
2026-09-22,2295.0,2300.0,2260.0,2290.0,14412.0,046310
2026-09-22,2560.0,2690.0,2450.0,2625.0,19276.0,171010
2026-09-22,2550.0,2850.0,2550.0,2640.0,48805.0,051490
2026-09-22,1649.0,1649.0,1606.0,1620.0,4398.0,122690
2026-09-22,2215.0,2330.0,2180.0,2260.0,120178.0,026040
2026-09-22,4410.0,4500.0,4185.0,4315.0,14054.0,037370
2026-09-22,3990.0,4000.0,3935.0,4000.0,8876.0,038070
2026-09-22,0.0,0.0,0.0,500.0,0.0,084650
2026-09-22,3310.0,3340.0,3050.0,3235.0,30183.0,219420
2026-09-22,3400.0,3405.0,3355.0,3370.0,1176.0,014570
2026-09-22,2420.0,2430.0,2305.0,2390.0,65713.0,081580
2026-09-22,3180.0,3215.0,3170.0,3180.0,15584.0,019770
2026-09-22,2730.0,2805.0,2685.0,2800.0,39247.0,208710
2026-09-22,1396.0,1413.0,1381.0,1409.0,31061.0,060540
2026-09-22,1666.0,1666.0,1607.0,1652.0,897.0,123570
2026-09-22,2110.0,2200.0,2030.0,2185.0,22338.0,215380
2026-09-22,4345.0,4410.0,4290.0,4330.0,24170.0,097870
2026-09-22,5780.0,5820.0,5400.0,5600.0,9772.0,153460
2026-09-22,2275.0,2420.0,2245.0,2290.0,11576.0,086040
2026-09-22,4500.0,4500.0,4355.0,4485.0,13426.0,060850
2026-09-22,1018.0,1045.0,1017.0,1020.0,57977.0,065500
2026-09-22,3200.0,3390.0,3175.0,3210.0,14424.0,043910
2026-09-22,1500.0,1560.0,1422.0,1511.0,16178.0,066360
2026-09-22,0.0,0.0,0.0,1087.0,0.0,284620
2026-09-22,2740.0,2980.0,2570.0,2705.0,13522.0,121890
2026-09-22,3855.0,4205.0,3855.0,4135.0,9420.0,039290
2026-09-22,3370.0,3370.0,3085.0,3260.0,9407.0,446840
2026-09-22,613.0,614.0,597.0,602.0,175811.0,057540
2026-09-22,0.0,0.0,0.0,778.0,0.0,068940
2026-09-22,2375.0,2390.0,2285.0,2320.0,33691.0,260660
2026-09-22,3880.0,3995.0,3800.0,3920.0,9341.0,196450
2026-09-22,6280.0,6390.0,6220.0,6390.0,3481.0,318410
2026-09-22,6980.0,7480.0,6790.0,7090.0,101514.0,258790
2026-09-22,6300.0,6300.0,6170.0,6290.0,4980.0,387570
2026-09-22,2125.0,2215.0,2080.0,2085.0,6123.0,045060
2026-09-22,0.0,0.0,0.0,959.0,0.0,263050
2026-09-22,3060.0,3150.0,3040.0,3070.0,2975.0,024120
2026-09-22,2940.0,2940.0,2760.0,2865.0,54693.0,434480
2026-09-22,1310.0,1362.0,1289.0,1326.0,38367.0,106240
2026-09-22,1128.0,1136.0,1110.0,1112.0,14172.0,045510
2026-09-22,2190.0,2190.0,2120.0,2170.0,26611.0,075130
2026-09-22,1491.0,1935.0,1442.0,1510.0,44103.0,215090
2026-09-22,3610.0,3610.0,3265.0,3500.0,5589.0,239890
2026-09-22,3220.0,3220.0,3030.0,3180.0,26835.0,186230
2026-09-22,2410.0,2570.0,2395.0,2450.0,115047.0,452300
2026-09-22,2060.0,2225.0,2030.0,2095.0,13176.0,432430
2026-09-22,2100.0,2150.0,2000.0,2000.0,4203.0,046390
2026-09-22,4680.0,4680.0,4320.0,4640.0,3090.0,290090
2026-09-22,3680.0,3680.0,3520.0,3585.0,27641.0,177900
2026-09-22,1753.0,1792.0,1745.0,1773.0,29047.0,204020
2026-09-22,4400.0,4755.0,4150.0,4325.0,11090.0,332290
2026-09-22,2060.0,2095.0,2035.0,2065.0,14716.0,207760
2026-09-22,1476.0,1544.0,1420.0,1531.0,4991.0,064520
2026-09-22,0.0,0.0,0.0,991.0,0.0,469750
2026-09-22,1527.0,1670.0,1447.0,1540.0,14070.0,335810
2026-09-22,2970.0,3045.0,2855.0,2975.0,12220.0,080520
2026-09-22,2150.0,2165.0,2110.0,2120.0,7305.0,290120
2026-09-22,1385.0,1468.0,1364.0,1400.0,2283.0,220180
2026-09-22,7290.0,7380.0,6720.0,7100.0,19819.0,417860
2026-09-22,2905.0,2915.0,2860.0,2890.0,10161.0,052600
2026-09-22,3710.0,3740.0,3620.0,3695.0,2741.0,270870
2026-09-22,2450.0,2465.0,2380.0,2380.0,14192.0,016600
2026-09-22,0.0,0.0,0.0,689.0,0.0,038060
2026-09-22,2075.0,2080.0,1999.0,2030.0,37050.0,057030
2026-09-22,800.0,800.0,760.0,796.0,171971.0,072770
2026-09-22,3100.0,3100.0,2985.0,3025.0,62968.0,006920
2026-09-22,4290.0,4350.0,4185.0,4305.0,25317.0,131090
2026-09-22,2485.0,2500.0,2290.0,2330.0,631939.0,406820
2026-09-22,6460.0,6980.0,5930.0,6360.0,11551.0,397810
2026-09-22,1487.0,1565.0,1478.0,1492.0,57126.0,310870
2026-09-22,4050.0,4795.0,3920.0,4005.0,1391.0,087600
2026-09-22,1142.0,1183.0,1142.0,1180.0,21025.0,068050
2026-09-22,1679.0,1804.0,1629.0,1725.0,25215.0,033830
2026-09-22,6260.0,7910.0,6000.0,6290.0,9542.0,296640
2026-09-22,2655.0,2655.0,2585.0,2645.0,8887.0,318020
2026-09-22,3085.0,3150.0,3020.0,3105.0,11126.0,159910
2026-09-22,997.0,1010.0,968.0,992.0,54434.0,408900
2026-09-22,1133.0,1200.0,1126.0,1160.0,98604.0,031510
2026-09-22,2155.0,2190.0,2105.0,2120.0,15695.0,089140
2026-09-22,1984.0,1999.0,1965.0,1985.0,1447.0,021650
2026-09-22,2965.0,3050.0,2950.0,3040.0,7471.0,200780
2026-09-22,1571.0,1639.0,1566.0,1587.0,33320.0,109820
2026-09-22,1144.0,1145.0,1112.0,1145.0,22224.0,065950
2026-09-22,5400.0,5400.0,5080.0,5130.0,16205.0,099220
2026-09-22,1107.0,1110.0,1066.0,1090.0,106046.0,271830
2026-09-22,3215.0,3240.0,3095.0,3210.0,10025.0,369370
2026-09-22,2240.0,2240.0,2140.0,2155.0,66218.0,104200
2026-09-22,3320.0,3320.0,3130.0,3275.0,8103.0,025440
2026-09-22,3310.0,3725.0,3205.0,3225.0,477560.0,300120
2026-09-22,1276.0,1276.0,1201.0,1243.0,135375.0,032790
2026-09-22,2595.0,2825.0,2595.0,2695.0,11656.0,127980
2026-09-22,3210.0,3400.0,3060.0,3250.0,2369.0,263920
2026-09-22,2040.0,2070.0,1998.0,2070.0,16406.0,173940
2026-09-22,1375.0,1388.0,1360.0,1360.0,3355.0,133750
2026-09-22,3925.0,4100.0,3910.0,3930.0,8142.0,476080
2026-09-22,3500.0,3555.0,3100.0,3440.0,6184.0,090410
2026-09-22,3185.0,3240.0,3050.0,3115.0,20118.0,148930
2026-09-22,2750.0,2820.0,2695.0,2810.0,68079.0,368970
2026-09-22,0.0,0.0,0.0,1079.0,0.0,050110
2026-09-22,3170.0,3260.0,3110.0,3225.0,4071.0,376980
2026-09-22,3030.0,3125.0,2930.0,3055.0,13113.0,153490
2026-09-22,765.0,785.0,627.0,662.0,404778.0,043340
2026-09-22,2620.0,2665.0,2590.0,2630.0,20719.0,064480
2026-09-22,2300.0,2360.0,2140.0,2210.0,35910.0,419120
2026-09-22,1235.0,1383.0,1235.0,1292.0,250188.0,226330
2026-09-22,0.0,0.0,0.0,412.0,0.0,258830
2026-09-22,3725.0,3795.0,3625.0,3795.0,4487.0,099390
2026-09-22,2395.0,2430.0,2385.0,2390.0,19662.0,197140
2026-09-22,6200.0,6200.0,5830.0,5960.0,7402.0,079170
2026-09-22,6830.0,7140.0,6510.0,7040.0,7316.0,012620
2026-09-22,2835.0,2985.0,2805.0,2825.0,62562.0,430690
2026-09-22,4015.0,4195.0,3850.0,4000.0,9963.0,020180
2026-09-22,712.0,720.0,690.0,700.0,56184.0,037330
2026-09-22,3060.0,3060.0,2920.0,3025.0,4895.0,187270
2026-09-22,3125.0,3365.0,3015.0,3100.0,75840.0,093380
2026-09-22,1496.0,1540.0,1455.0,1509.0,1808.0,097780
2026-09-22,3800.0,3870.0,3800.0,3860.0,6179.0,462310
2026-09-22,2045.0,2240.0,2045.0,2175.0,729247.0,038870
2026-09-22,2110.0,2200.0,2100.0,2190.0,18556.0,070590
2026-09-22,2785.0,2995.0,2785.0,2865.0,12992.0,049120
2026-09-22,1975.0,2040.0,1965.0,2000.0,45767.0,038620
2026-09-22,6040.0,6040.0,5650.0,5680.0,7021.0,388610
2026-09-22,0.0,0.0,0.0,1969.0,0.0,246250
2026-09-22,5530.0,5530.0,5400.0,5460.0,7756.0,464280
2026-09-22,2970.0,3085.0,2940.0,2940.0,1030.0,038950
2026-09-22,2925.0,2950.0,2730.0,2800.0,160847.0,900270
2026-09-22,1664.0,1740.0,1617.0,1630.0,32047.0,075970
2026-09-22,1444.0,1449.0,1287.0,1335.0,496695.0,290560
2026-09-22,1621.0,1675.0,1581.0,1636.0,74167.0,462980
2026-09-22,2295.0,2350.0,2240.0,2325.0,15472.0,237820
2026-09-22,2300.0,2595.0,2215.0,2355.0,4343.0,311390
2026-09-22,2490.0,2545.0,2480.0,2540.0,10004.0,091340
2026-09-22,1240.0,1240.0,1161.0,1225.0,5036.0,071850
2026-09-22,3395.0,3980.0,3300.0,3585.0,290456.0,351330
2026-09-22,2680.0,2720.0,2600.0,2605.0,31724.0,073540
2026-09-22,1066.0,1099.0,1000.0,1062.0,29294.0,160550
2026-09-22,2985.0,2995.0,2880.0,2965.0,53214.0,078590
2026-09-22,4890.0,4890.0,4550.0,4600.0,2821.0,444530
2026-09-22,2575.0,2575.0,2455.0,2475.0,19189.0,356890
2026-09-22,1026.0,1039.0,1010.0,1011.0,128902.0,317240
2026-09-22,2995.0,3075.0,2980.0,3060.0,9727.0,336060
2026-09-22,3560.0,3640.0,3460.0,3510.0,1647.0,367000
2026-09-22,997.0,1014.0,978.0,988.0,39763.0,031310
2026-09-22,6680.0,7180.0,6600.0,6720.0,16624.0,088340
2026-09-22,1677.0,1754.0,1653.0,1719.0,21333.0,236810
2026-09-22,2115.0,2355.0,1925.0,2065.0,6747.0,139670
2026-09-22,2980.0,3070.0,2925.0,3025.0,6772.0,452160
2026-09-22,1098.0,1154.0,1065.0,1083.0,41964.0,128540
2026-09-22,1719.0,1769.0,1678.0,1719.0,16271.0,008470
2026-09-22,3480.0,3640.0,3380.0,3640.0,126.0,318010
2026-09-22,4260.0,4265.0,4100.0,4125.0,17353.0,288620
2026-09-22,3805.0,4020.0,3740.0,3845.0,117685.0,431190
2026-09-22,2790.0,2980.0,2725.0,2980.0,12370.0,048470
2026-09-22,2730.0,2930.0,2665.0,2745.0,17084.0,033540
2026-09-22,1490.0,1704.0,1450.0,1560.0,49040.0,169330
2026-09-22,5190.0,5700.0,4990.0,5290.0,2422.0,239610
2026-09-22,1860.0,1900.0,1805.0,1884.0,859.0,109960
2026-09-22,2585.0,2595.0,2370.0,2575.0,10594.0,080530
2026-09-22,2330.0,2440.0,2200.0,2345.0,6980.0,115480
2026-09-22,1855.0,1855.0,1805.0,1833.0,23200.0,191410
2026-09-22,1905.0,1934.0,1825.0,1930.0,5259.0,450520
2026-09-22,2695.0,2780.0,2690.0,2690.0,27068.0,045300
2026-09-22,1800.0,1848.0,1276.0,1785.0,55498.0,096630
2026-09-22,1872.0,1899.0,1819.0,1888.0,14133.0,322780
2026-09-22,2730.0,2730.0,2595.0,2680.0,5551.0,262840
2026-09-22,2410.0,2440.0,2370.0,2390.0,42721.0,119500
2026-09-22,8200.0,8210.0,8000.0,8060.0,343.0,007770
2026-09-22,1859.0,1953.0,1721.0,1787.0,202206.0,057680
2026-09-22,1660.0,1680.0,1628.0,1645.0,36751.0,089150
2026-09-22,0.0,0.0,0.0,1710.0,0.0,043220
2026-09-22,5790.0,5790.0,5540.0,5700.0,8372.0,333050
2026-09-22,1070.0,1095.0,1033.0,1088.0,41840.0,016920
2026-09-22,2095.0,2190.0,1940.0,1955.0,114484.0,377030
2026-09-22,3370.0,3385.0,3310.0,3365.0,10635.0,364950
2026-09-22,3900.0,4180.0,3835.0,3875.0,11223.0,079000
2026-09-22,950.0,950.0,891.0,905.0,65281.0,254120
2026-09-22,1753.0,1875.0,1753.0,1807.0,13189.0,066910
2026-09-22,1560.0,1560.0,1424.0,1510.0,13634.0,464580
2026-09-22,2175.0,2175.0,1997.0,1998.0,4376.0,188260
2026-09-22,1403.0,1520.0,1380.0,1445.0,18873.0,225220
2026-09-22,729.0,744.0,678.0,687.0,1565371.0,215790
2026-09-22,479.0,489.0,479.0,487.0,240659.0,101670
2026-09-22,4255.0,4400.0,4220.0,4295.0,6620.0,363260
2026-09-22,1899.0,1915.0,1814.0,1827.0,28430.0,373170
2026-09-22,2525.0,2605.0,2480.0,2535.0,33941.0,067010
2026-09-22,1954.0,1993.0,1881.0,1886.0,40540.0,407400
2026-09-22,1604.0,1619.0,1570.0,1601.0,37398.0,114630
2026-09-22,1944.0,1944.0,1862.0,1897.0,2315.0,130500
2026-09-22,1850.0,1865.0,1703.0,1773.0,9790.0,123840
2026-09-22,2100.0,2100.0,1965.0,2025.0,43906.0,148250
2026-09-22,3605.0,3750.0,3600.0,3655.0,15624.0,091970
2026-09-22,2870.0,2875.0,2850.0,2865.0,2910.0,348030
2026-09-22,2180.0,2335.0,2130.0,2260.0,11089.0,013720
2026-09-22,2325.0,2350.0,2215.0,2305.0,10940.0,068100
2026-09-22,2400.0,2400.0,2275.0,2350.0,8364.0,017000
2026-09-22,1265.0,1290.0,1176.0,1206.0,182366.0,069920
2026-09-22,1720.0,1755.0,1680.0,1747.0,25731.0,105550
2026-09-22,1716.0,1736.0,1710.0,1711.0,25542.0,195500
2026-09-22,4070.0,4080.0,3515.0,3940.0,10149.0,297570
2026-09-22,1616.0,1665.0,1537.0,1564.0,36115.0,083660
2026-09-22,2880.0,2900.0,2785.0,2830.0,11549.0,290270
2026-09-22,1495.0,1559.0,1470.0,1546.0,10798.0,138070
2026-09-22,991.0,1010.0,950.0,1000.0,18927.0,900070
2026-09-22,1626.0,1700.0,1555.0,1650.0,83665.0,052300
2026-09-22,2945.0,2965.0,2940.0,2965.0,3629.0,032750
2026-09-22,3595.0,3635.0,3580.0,3590.0,2632.0,131220
2026-09-22,2070.0,2150.0,2000.0,2000.0,26801.0,193250
2026-09-22,2690.0,2785.0,2500.0,2500.0,164025.0,140430
2026-09-22,1364.0,1550.0,1363.0,1436.0,122521.0,376180
2026-09-22,2300.0,2320.0,2220.0,2310.0,17722.0,359090
2026-09-22,1344.0,1354.0,1323.0,1331.0,15558.0,198940
2026-09-22,2720.0,2830.0,2670.0,2770.0,11178.0,019570
2026-09-22,6600.0,7990.0,6340.0,6560.0,69462.0,096690
2026-09-22,2145.0,2145.0,2055.0,2055.0,5833.0,900310
2026-09-22,1066.0,1077.0,1031.0,1060.0,41586.0,047080
2026-09-22,3005.0,3075.0,2960.0,3020.0,19151.0,458350
2026-09-22,1316.0,1344.0,1302.0,1332.0,15406.0,054780
2026-09-22,1575.0,1634.0,1565.0,1595.0,13041.0,103840
2026-09-22,1752.0,1800.0,1686.0,1727.0,13498.0,069140
2026-09-22,1588.0,1588.0,1514.0,1576.0,9828.0,053290
2026-09-22,2580.0,2610.0,2490.0,2540.0,24053.0,069410
2026-09-22,1609.0,1679.0,1575.0,1650.0,7624.0,290520
2026-09-22,1251.0,1259.0,1210.0,1239.0,117340.0,043200
2026-09-22,1180.0,1348.0,1157.0,1164.0,460754.0,001810
2026-09-22,3775.0,3845.0,3670.0,3750.0,8527.0,328380
2026-09-22,833.0,840.0,807.0,807.0,19782.0,033050
2026-09-22,2365.0,2365.0,2205.0,2270.0,12113.0,238490
2026-09-22,1029.0,1054.0,997.0,1028.0,106532.0,054090
2026-09-22,4255.0,4475.0,4180.0,4370.0,6289.0,131180
2026-09-22,2400.0,2515.0,2400.0,2515.0,11634.0,016670
2026-09-22,2220.0,2335.0,2215.0,2300.0,62056.0,0010F0
2026-09-22,3045.0,3100.0,2790.0,2975.0,35608.0,115530
2026-09-22,1681.0,2200.0,1667.0,1830.0,174913.0,027040
2026-09-22,1374.0,1380.0,1330.0,1373.0,16872.0,044780
2026-09-22,3100.0,3295.0,3045.0,3295.0,3744.0,267790
2026-09-22,1308.0,1328.0,1261.0,1285.0,6161.0,060380
2026-09-22,1670.0,1709.0,1591.0,1668.0,304573.0,101400
2026-09-22,5290.0,5340.0,5060.0,5300.0,2459.0,134060
2026-09-22,1130.0,1254.0,1100.0,1118.0,22886.0,076080
2026-09-22,2060.0,2155.0,1950.0,2095.0,34009.0,073570
2026-09-22,2975.0,3025.0,2950.0,3000.0,10295.0,101680
2026-09-22,1825.0,1850.0,1772.0,1821.0,8507.0,123750
2026-09-22,1215.0,1243.0,1143.0,1185.0,29294.0,021880
2026-09-22,1075.0,1102.0,1036.0,1045.0,54347.0,146060
2026-09-22,2110.0,2275.0,2110.0,2275.0,9786.0,222980
2026-09-22,2530.0,2570.0,2450.0,2510.0,31388.0,200350
2026-09-22,5450.0,5580.0,5340.0,5450.0,4601.0,083640
2026-09-22,3030.0,3125.0,3025.0,3115.0,5140.0,039740
2026-09-22,5990.0,6100.0,5850.0,5960.0,13261.0,090150
2026-09-22,2255.0,2265.0,2225.0,2235.0,2381.0,351870
2026-09-22,3770.0,3805.0,3650.0,3740.0,48073.0,054940
2026-09-22,3265.0,3265.0,3080.0,3125.0,29962.0,475660
2026-09-22,2160.0,2185.0,2130.0,2185.0,5353.0,177830
2026-09-22,0.0,0.0,0.0,956.0,0.0,368600
2026-09-22,4295.0,4315.0,4105.0,4315.0,1105.0,417180
2026-09-22,1269.0,1418.0,1205.0,1290.0,12984.0,016100
2026-09-22,2390.0,2597.0,2265.0,2545.0,57093.0,298060
2026-09-22,2735.0,2735.0,2615.0,2655.0,66436.0,035200
2026-09-22,655.0,685.0,645.0,652.0,40018.0,206400
2026-09-22,1866.0,1919.0,1866.0,1895.0,1718.0,405920
2026-09-22,2025.0,2065.0,2015.0,2055.0,22894.0,398120
2026-09-22,4050.0,4395.0,3760.0,3860.0,253234.0,148780
2026-09-22,2645.0,2705.0,2640.0,2675.0,4110.0,020400
2026-09-22,1295.0,1299.0,1170.0,1233.0,91209.0,060230
2026-09-22,2140.0,2340.0,2100.0,2100.0,5199.0,415380
2026-09-22,3030.0,3110.0,2940.0,2955.0,5115.0,208350
2026-09-22,1543.0,1550.0,1488.0,1490.0,45833.0,058110
2026-09-22,1672.0,1734.0,1650.0,1706.0,71095.0,464500
2026-09-22,5410.0,5610.0,5400.0,5540.0,11690.0,115160
2026-09-22,2715.0,2775.0,2715.0,2720.0,3543.0,318000
2026-09-22,2710.0,2745.0,2595.0,2695.0,19863.0,462510
2026-09-22,2600.0,2745.0,2575.0,2650.0,9432.0,023770
2026-09-22,4940.0,5090.0,4940.0,5060.0,1735.0,188040
2026-09-22,2575.0,2580.0,2485.0,2565.0,6442.0,033200
2026-09-22,3250.0,3320.0,3020.0,3140.0,34648.0,038880
2026-09-22,0.0,0.0,0.0,510.0,0.0,378800
2026-09-22,6080.0,6330.0,6080.0,6190.0,3494.0,036480
2026-09-22,1294.0,1397.0,1250.0,1275.0,75014.0,365590
2026-09-22,1525.0,1540.0,1490.0,1528.0,19906.0,051380
2026-09-22,2160.0,2295.0,2125.0,2150.0,17883.0,352940
2026-09-22,1811.0,1900.0,1790.0,1859.0,14045.0,257370
2026-09-22,2860.0,2910.0,2610.0,2785.0,139240.0,389680
2026-09-22,1162.0,1268.0,1000.0,1147.0,12781.0,007720
2026-09-22,918.0,1009.0,884.0,907.0,340012.0,206560
2026-09-22,3385.0,3590.0,3345.0,3465.0,14598.0,044480
2026-09-22,1594.0,1594.0,1542.0,1562.0,17422.0,013810
2026-09-22,3385.0,3425.0,2710.0,2880.0,481070.0,026910
2026-09-22,1945.0,1983.0,1842.0,1929.0,78010.0,027580
2026-09-22,1954.0,2090.0,1931.0,1981.0,4456.0,187220
2026-09-22,1952.0,1986.0,1911.0,1958.0,1269.0,018680
2026-09-22,1249.0,1304.0,1240.0,1259.0,27429.0,039310
2026-09-22,0.0,0.0,0.0,1055.0,0.0,154040
2026-09-22,4295.0,4780.0,4050.0,4390.0,16782.0,038530
2026-09-22,2655.0,2890.0,2545.0,2785.0,1874.0,377330
2026-09-22,1886.0,1896.0,1766.0,1889.0,24637.0,192390
2026-09-22,2835.0,2930.0,2705.0,2785.0,4135.0,032860
2026-09-22,983.0,1089.0,950.0,975.0,139276.0,032680
2026-09-22,1574.0,1594.0,1454.0,1483.0,26998.0,032800
2026-09-22,2270.0,2685.0,2045.0,2285.0,24189.0,331520
2026-09-22,1059.0,1069.0,1044.0,1063.0,12384.0,017250
2026-09-22,1870.0,1889.0,1813.0,1857.0,30420.0,065690
2026-09-22,1297.0,1392.0,1017.0,1326.0,30135.0,362990
2026-09-22,980.0,1019.0,980.0,994.0,12885.0,289220
2026-09-22,2670.0,3480.0,2600.0,2710.0,7906.0,238200
2026-09-22,3170.0,3170.0,2970.0,3020.0,5663.0,303530
2026-09-22,1936.0,1995.0,1935.0,1964.0,13967.0,130740
2026-09-22,2340.0,2415.0,2250.0,2320.0,11510.0,241840
2026-09-22,1530.0,1530.0,1330.0,1393.0,262847.0,355390
2026-09-22,2360.0,2430.0,2325.0,2370.0,7476.0,063760
2026-09-22,3040.0,3040.0,2800.0,2990.0,10815.0,065370
2026-09-22,2635.0,2680.0,2550.0,2565.0,18172.0,432980
2026-09-22,5680.0,5960.0,5580.0,5720.0,3770.0,277410
2026-09-22,2730.0,2950.0,2655.0,2750.0,15574.0,115570
2026-09-22,1562.0,1677.0,1551.0,1617.0,75626.0,043590
2026-09-22,994.0,1001.0,910.0,928.0,159233.0,276730
2026-09-22,1280.0,1343.0,1278.0,1308.0,9992.0,018700
2026-09-22,1802.0,1802.0,1621.0,1662.0,56585.0,301300
2026-09-22,3490.0,3490.0,3215.0,3360.0,6229.0,237750
2026-09-22,3065.0,3185.0,2935.0,3100.0,46315.0,372800
2026-09-22,2210.0,2210.0,2000.0,2185.0,15479.0,440320
2026-09-22,1238.0,1239.0,1212.0,1233.0,22876.0,053060
2026-09-22,1333.0,1342.0,1331.0,1340.0,9615.0,032280
2026-09-22,0.0,0.0,0.0,1010.0,0.0,032080
2026-09-22,3420.0,3500.0,3260.0,3365.0,75190.0,429270
2026-09-22,1499.0,1500.0,1416.0,1416.0,32250.0,317120
2026-09-22,5230.0,5230.0,4060.0,4180.0,889648.0,224060
2026-09-22,2000.0,2020.0,1993.0,2005.0,8566.0,215480
2026-09-22,1732.0,1945.0,1705.0,1710.0,63358.0,054220
2026-09-22,1663.0,1699.0,1635.0,1680.0,21100.0,383930
2026-09-22,0.0,0.0,0.0,756.0,0.0,340440
2026-09-22,4230.0,4260.0,4010.0,4100.0,17565.0,247660
2026-09-22,2220.0,2220.0,2160.0,2205.0,13895.0,067730
2026-09-22,2355.0,2385.0,2245.0,2365.0,11834.0,043360
2026-09-22,1637.0,1642.0,1602.0,1620.0,14595.0,219750
2026-09-22,1934.0,1949.0,1824.0,1902.0,19535.0,438700
2026-09-22,3920.0,4025.0,3780.0,4020.0,3864.0,275630
2026-09-22,1063.0,1160.0,1017.0,1089.0,27916.0,227610
2026-09-22,3690.0,3900.0,3530.0,3870.0,8235.0,342870
2026-09-22,1406.0,1429.0,1370.0,1402.0,50736.0,344860
2026-09-22,1518.0,1518.0,1475.0,1509.0,26125.0,019660
2026-09-22,566.0,584.0,566.0,575.0,246164.0,095910
2026-09-22,2190.0,2245.0,1910.0,2205.0,6135.0,200230
2026-09-22,5590.0,5690.0,5300.0,5650.0,8025.0,900110
2026-09-22,941.0,976.0,918.0,959.0,12634.0,021040
2026-09-22,3205.0,3260.0,3200.0,3200.0,41979.0,045520
2026-09-22,1207.0,1225.0,1190.0,1222.0,21898.0,069330
2026-09-22,3035.0,3540.0,3035.0,3350.0,280453.0,078860
2026-09-22,2635.0,2635.0,2535.0,2615.0,6294.0,353190
2026-09-22,2645.0,2670.0,2560.0,2650.0,65338.0,002680
2026-09-22,1488.0,1635.0,1425.0,1451.0,14026.0,085810
2026-09-22,2250.0,2350.0,2115.0,2225.0,11149.0,403490
2026-09-22,2115.0,2115.0,2000.0,2030.0,49520.0,424760
2026-09-22,1362.0,1442.0,1311.0,1420.0,29255.0,196700
2026-09-22,3585.0,3590.0,3535.0,3590.0,2916.0,361670
2026-09-22,2045.0,2085.0,2005.0,2030.0,11664.0,024940
2026-09-22,1614.0,1615.0,1523.0,1575.0,5840.0,353590
2026-09-22,2175.0,2230.0,2110.0,2220.0,22862.0,274400
2026-09-22,1617.0,1693.0,1563.0,1606.0,23342.0,098660
2026-09-22,2625.0,2750.0,2605.0,2740.0,8630.0,365900
2026-09-22,3040.0,3100.0,2870.0,3060.0,10325.0,060900
2026-09-22,1672.0,1740.0,1610.0,1656.0,17916.0,154030
2026-09-22,5300.0,5310.0,5190.0,5210.0,2763.0,084440
2026-09-22,849.0,853.0,817.0,847.0,53334.0,050090
2026-09-22,1051.0,1063.0,1007.0,1056.0,102891.0,048830
2026-09-22,3030.0,3100.0,2875.0,3025.0,15232.0,113810
2026-09-22,2735.0,2735.0,2685.0,2700.0,7350.0,080470
2026-09-22,2355.0,2425.0,2285.0,2350.0,50477.0,096870
2026-09-22,3450.0,3490.0,3400.0,3400.0,6891.0,054410
2026-09-22,0.0,0.0,0.0,1622.0,0.0,073190
2026-09-22,1187.0,1328.0,1172.0,1187.0,28174.0,050760
2026-09-22,915.0,918.0,887.0,906.0,61598.0,083470
2026-09-22,1271.0,1338.0,1200.0,1212.0,25931.0,065150
2026-09-22,2720.0,2900.0,2670.0,2780.0,72304.0,018620
2026-09-22,3305.0,3725.0,3305.0,3585.0,65766.0,405000
2026-09-22,868.0,899.0,836.0,850.0,55307.0,347770
2026-09-22,2400.0,2400.0,2260.0,2320.0,8262.0,252500
2026-09-22,0.0,0.0,0.0,2290.0,0.0,214610
2026-09-22,1479.0,1545.0,1440.0,1462.0,196877.0,023790
2026-09-22,1276.0,1415.0,1230.0,1275.0,7321.0,056730
2026-09-22,2610.0,2645.0,2485.0,2485.0,27381.0,051780
2026-09-22,3220.0,3220.0,3010.0,3150.0,13091.0,065060
2026-09-22,2130.0,2130.0,2030.0,2080.0,3869.0,110020
2026-09-22,1180.0,1218.0,1149.0,1149.0,28735.0,195990
2026-09-22,0.0,0.0,0.0,6930.0,0.0,031860
2026-09-22,3360.0,3655.0,3085.0,3130.0,13261.0,419540
2026-09-22,1265.0,1286.0,1234.0,1261.0,33494.0,455180
2026-09-22,1660.0,1660.0,1557.0,1563.0,25091.0,115610
2026-09-22,1928.0,1962.0,1830.0,1880.0,24761.0,137940
2026-09-22,2135.0,2245.0,1836.0,1902.0,732471.0,210120
2026-09-22,3545.0,3575.0,3470.0,3470.0,7453.0,037400
2026-09-22,4185.0,4185.0,3855.0,3855.0,6098.0,279600
2026-09-22,1365.0,1366.0,1271.0,1308.0,50042.0,079950
2026-09-22,1538.0,1599.0,1520.0,1520.0,20129.0,014100
2026-09-22,1594.0,1620.0,1550.0,1605.0,131935.0,060480
2026-09-22,4780.0,5190.0,4780.0,5030.0,26174.0,009620
2026-09-22,5220.0,5220.0,5050.0,5200.0,1142.0,335870
2026-09-22,1925.0,1927.0,1916.0,1920.0,622586.0,0197V0
2026-09-22,0.0,0.0,0.0,1040.0,0.0,900120
2026-09-22,1010.0,1010.0,990.0,1000.0,59059.0,373110
2026-09-22,2410.0,2640.0,2395.0,2635.0,20935.0,131100
2026-09-22,0.0,0.0,0.0,2055.0,0.0,482680
2026-09-22,2185.0,2230.0,2080.0,2115.0,4000.0,088290
2026-09-22,3415.0,5220.0,1932.0,1937.0,222365814.0,0200G0
2026-09-22,2075.0,2075.0,2070.0,2075.0,19437.0,477380
2026-09-22,0.0,0.0,0.0,6040.0,0.0,241820
2026-09-22,1125.0,1414.0,1111.0,1193.0,2648242.0,291810
2026-09-22,2725.0,2730.0,2625.0,2695.0,27488.0,034940
2026-09-22,3355.0,3355.0,3190.0,3215.0,12600.0,225590
2026-09-22,4955.0,4990.0,4460.0,4550.0,149135.0,285800
2026-09-22,1165.0,1169.0,1154.0,1168.0,198680.0,289010
2026-09-22,3135.0,3270.0,3010.0,3105.0,28133.0,223310
2026-09-22,895.0,916.0,830.0,838.0,46114.0,309930
2026-09-22,1699.0,1699.0,1536.0,1567.0,77474.0,376930
2026-09-22,2280.0,2280.0,2180.0,2230.0,27501.0,103230
2026-09-22,2015.0,2025.0,1901.0,1998.0,95300.0,009730
2026-09-22,2890.0,2990.0,2560.0,2770.0,79374.0,377220
2026-09-22,1975.0,1986.0,1960.0,1965.0,61237.0,0072Z0
2026-09-22,2050.0,2065.0,2050.0,2055.0,144.0,477340
2026-09-22,1496.0,1584.0,1397.0,1408.0,14269.0,065650
2026-09-22,1982.0,1983.0,1968.0,1970.0,4053.0,0101C0
2026-09-22,0.0,0.0,0.0,973.0,0.0,030350
2026-09-22,1986.0,1997.0,1950.0,1962.0,3936.0,0130H0
2026-09-22,1597.0,1597.0,1481.0,1509.0,58876.0,177350
2026-09-22,1972.0,1985.0,1970.0,1984.0,40513.0,0044K0
2026-09-22,1558.0,1649.0,1533.0,1599.0,11797.0,306040
2026-09-22,2105.0,2105.0,2100.0,2100.0,16199.0,473050
2026-09-22,0.0,0.0,0.0,2200.0,0.0,489480
2026-09-22,1976.0,1998.0,1973.0,1974.0,7499.0,0115H0
2026-09-22,2680.0,2680.0,2530.0,2560.0,35042.0,475460
2026-09-22,2060.0,2070.0,2060.0,2060.0,2203.0,478440
2026-09-22,2420.0,2500.0,1700.0,1700.0,167911.0,067770
2026-09-22,2075.0,2075.0,2040.0,2065.0,44642.0,479880
2026-09-22,1942.0,1946.0,1933.0,1946.0,44129.0,0165X0
2026-09-22,3005.0,3140.0,2550.0,2800.0,1206902.0,092600
2026-09-22,5340.0,5490.0,3850.0,3975.0,178959.0,006050
2026-09-22,4000.0,4580.0,1905.0,1905.0,118773329.0,0209J0
2026-09-22,1981.0,1981.0,1961.0,1961.0,2228.0,0099W0
2026-09-22,1970.0,1990.0,1379.0,1379.0,146976.0,101000
2026-09-22,0.0,0.0,0.0,561.0,0.0,304840
2026-09-22,0.0,0.0,0.0,5250.0,0.0,352770
2026-09-22,0.0,0.0,0.0,1651.0,0.0,244460
2026-09-22,1966.0,1979.0,1961.0,1978.0,4484.0,0134X0
2026-09-22,1499.0,1569.0,1410.0,1454.0,40911.0,303030
2026-09-22,1447.0,1448.0,1353.0,1382.0,16412.0,079190
2026-09-22,2070.0,2070.0,2055.0,2070.0,1145.0,481890
2026-09-22,1958.0,1959.0,1943.0,1944.0,44063.0,0164H0
2026-09-22,0.0,0.0,0.0,2180.0,0.0,0099X0
2026-09-22,629.0,700.0,606.0,652.0,693638.0,418620
2026-09-22,1986.0,2020.0,1880.0,1960.0,3553.0,0096B0
2026-09-22,2035.0,2035.0,2020.0,2030.0,1523.0,489730
2026-09-22,2065.0,2070.0,2015.0,2060.0,3536.0,478390
2026-09-22,1978.0,1978.0,1960.0,1964.0,12809.0,0097F0
2026-09-22,0.0,0.0,0.0,2295.0,0.0,054180
2026-09-22,5630.0,5630.0,5050.0,5200.0,3911.0,028080
2026-09-22,2040.0,2075.0,2010.0,2030.0,12959.0,492220
2026-09-22,0.0,0.0,0.0,2065.0,0.0,482520
2026-09-22,1999.0,1999.0,1975.0,1987.0,53112.0,0037T0
2026-09-22,1961.0,1979.0,1958.0,1961.0,12114.0,0093G0
2026-09-22,1999.0,1999.0,1980.0,1999.0,2563.0,0054V0
2026-09-22,992.0,992.0,843.0,888.0,569473.0,208640
2026-09-22,640.0,679.0,627.0,664.0,169654.0,035620
2026-09-22,1960.0,1968.0,1955.0,1955.0,11056.0,0131D0
2026-09-22,2050.0,2050.0,2015.0,2030.0,2266.0,0091W0
2026-09-22,0.0,0.0,0.0,764.0,0.0,065570
2026-09-22,2430.0,2430.0,2230.0,2245.0,6285.0,239340
2026-09-22,2060.0,2065.0,2060.0,2065.0,16191.0,477760
2026-09-22,2065.0,2070.0,2040.0,2065.0,4277.0,0088D0
2026-09-22,1990.0,1990.0,1956.0,1970.0,45519.0,0041L0
2026-09-22,1367.0,1373.0,1231.0,1329.0,207399.0,354200
2026-09-22,1991.0,1991.0,1975.0,1985.0,1352.0,0132G0
2026-09-22,2095.0,2100.0,2090.0,2095.0,52088.0,469900
2026-09-22,885.0,939.0,853.0,875.0,31120.0,060260
2026-09-22,2075.0,2075.0,2060.0,2070.0,15831.0,482690
2026-09-22,1970.0,1994.0,1951.0,1994.0,7573.0,0071M0
2026-09-22,2080.0,2085.0,2080.0,2080.0,253.0,474660
2026-09-22,2025.0,2030.0,2010.0,2030.0,3686.0,487360
2026-09-22,2080.0,2080.0,2070.0,2075.0,178.0,474490
2026-09-22,2000.0,2045.0,1983.0,2030.0,2079.0,496070
2026-09-22,2080.0,2080.0,2060.0,2075.0,112.0,477470
2026-09-22,1987.0,1992.0,1982.0,1986.0,250.0,0105P0
2026-09-22,1972.0,1983.0,1960.0,1962.0,4484.0,0129K0
2026-09-22,1960.0,1993.0,1955.0,1972.0,4180.0,0096D0
2026-09-22,2050.0,2050.0,2015.0,2040.0,14984.0,486630
2026-09-22,1977.0,1999.0,1977.0,1991.0,11172.0,0098T0
2026-09-22,2025.0,2025.0,2015.0,2020.0,1633.0,493790
2026-09-22,2055.0,2060.0,2030.0,2060.0,17158.0,489210
2026-09-22,2010.0,2010.0,1991.0,2000.0,738.0,0004Y0
2026-09-22,1211.0,1328.0,1185.0,1213.0,190499.0,131760
2026-09-22,0.0,0.0,0.0,520.0,0.0,043100
2026-09-22,1970.0,1970.0,1950.0,1950.0,6808.0,0130D0
2026-09-22,2055.0,2065.0,2055.0,2055.0,44.0,478110
2026-09-22,2010.0,2010.0,2005.0,2010.0,1504.0,466690
2026-09-22,2005.0,2010.0,2000.0,2005.0,2039.0,0041B0
2026-09-22,0.0,0.0,0.0,2035.0,0.0,498390
2026-09-22,0.0,0.0,0.0,538.0,0.0,305090
2026-09-22,470.0,500.0,464.0,470.0,114728.0,142760
2026-09-22,2045.0,2045.0,2035.0,2045.0,207.0,488060
2026-09-22,1201.0,1298.0,1136.0,1156.0,64365.0,240600
2026-09-22,469.0,471.0,434.0,434.0,331185.0,012340
2026-09-22,912.0,947.0,888.0,909.0,61046.0,065770
2026-09-22,0.0,0.0,0.0,1650.0,0.0,106080
2026-09-22,263.0,267.0,251.0,252.0,796141.0,288980
2026-09-22,2025.0,2025.0,2015.0,2020.0,17088.0,484130
2026-09-22,2045.0,2050.0,2045.0,2045.0,9784.0,473950
2026-09-22,2040.0,2115.0,2005.0,2075.0,2244.0,487830
2026-09-22,0.0,0.0,0.0,2130.0,0.0,469480
2026-09-22,0.0,0.0,0.0,2080.0,0.0,468760
2026-09-22,2100.0,2105.0,2100.0,2100.0,4703.0,472230
2026-09-22,2035.0,2040.0,2030.0,2040.0,10873.0,487720
2026-09-22,1985.0,1985.0,1966.0,1975.0,276.0,0068Y0
2026-09-22,1739.0,1782.0,1698.0,1710.0,26237.0,001000
2026-09-22,5960.0,6020.0,5830.0,6020.0,373.0,03481K
2026-09-22,0.0,0.0,0.0,247.0,0.0,087260
2026-09-22,1987.0,1989.0,1900.0,1900.0,7915.0,0041J0
2026-09-22,2085.0,2085.0,2080.0,2085.0,15.0,475250
2026-09-22,0.0,0.0,0.0,596.0,0.0,079970
2026-09-22,2075.0,2095.0,2075.0,2090.0,13111.0,474930
2026-09-22,0.0,0.0,0.0,940.0,0.0,065420
2026-09-22,289.0,293.0,275.0,277.0,127838.0,308100
2026-09-22,0.0,0.0,0.0,327.0,0.0,276040
2026-09-22,2075.0,2080.0,2075.0,2080.0,15785.0,473000
2026-09-22,2090.0,2095.0,2090.0,2090.0,20933.0,475240
2026-09-22,1186.0,1186.0,922.0,981.0,126065.0,250930
2026-09-22,0.0,0.0,0.0,205.0,0.0,044180
2026-09-22,0.0,0.0,0.0,468.0,0.0,313760
2026-09-22,900.0,920.0,899.0,910.0,15155.0,058450
2026-09-22,0.0,0.0,0.0,312.0,0.0,052770
2026-09-22,0.0,0.0,0.0,698.0,0.0,225430
2026-09-22,0.0,0.0,0.0,1059.0,0.0,025870
2026-09-22,1061.0,1143.0,801.0,801.0,241101.0,900100
2026-09-22,770.0,817.0,682.0,795.0,108594.0,199730
2026-09-22,195.0,223.0,195.0,210.0,4978518.0,084180
2026-09-22,611.0,628.0,499.0,501.0,520491.0,011080
2026-09-22,2255.0,2255.0,2175.0,2210.0,6882.0,021045
2026-09-22,0.0,0.0,0.0,384.0,0.0,035290
2026-09-22,0.0,0.0,0.0,89.0,0.0,312610
2026-09-22,6750.0,6970.0,6660.0,6660.0,510.0,032685
